message,severity,attributes,tags,timestamp
Starting Container,info,"{""level"":""info""}","{""project"":""9409ddfa-0500-48ff-b3fa-e3db90fa1091"",""environment"":""e228329a-f513-4199-919b-76d15d46ec8e"",""service"":""8bd636f2-4dab-4d92-918b-b4bccb53fa9c"",""deployment"":""94032a27-ad79-4bca-90c0-521b01485e42"",""replica"":""7c97fd6b-8e71-46a9-a8f1-b1b1ff1d426c""}",2026-03-26T22:06:57.366817118Z
"2026-03-26 22:06:57,681 [INFO] Connected to Polymarket CLOB.",info,"{""level"":""info""}","{""project"":""9409ddfa-0500-48ff-b3fa-e3db90fa1091"",""environment"":""e228329a-f513-4199-919b-76d15d46ec8e"",""service"":""8bd636f2-4dab-4d92-918b-b4bccb53fa9c"",""deployment"":""94032a27-ad79-4bca-90c0-521b01485e42"",""replica"":""7c97fd6b-8e71-46a9-a8f1-b1b1ff1d426c""}",2026-03-26T22:06:57.922472901Z
"2026-03-26 22:06:58,602 [INFO]   Sheets | Orderbook and ready ✓",info,"{""level"":""info""}","{""project"":""9409ddfa-0500-48ff-b3fa-e3db90fa1091"",""environment"":""e228329a-f513-4199-919b-76d15d46ec8e"",""service"":""8bd636f2-4dab-4d92-918b-b4bccb53fa9c"",""deployment"":""94032a27-ad79-4bca-90c0-521b01485e42"",""replica"":""7c97fd6b-8e71-46a9-a8f1-b1b1ff1d426c""}",2026-03-26T22:06:58.607017902Z
"2026-03-26 22:07:00,778 [INFO] S1 monitor: direction signal at >=78% (no trading)",info,"{""level"":""info""}","{""project"":""9409ddfa-0500-48ff-b3fa-e3db90fa1091"",""environment"":""e228329a-f513-4199-919b-76d15d46ec8e"",""service"":""8bd636f2-4dab-4d92-918b-b4bccb53fa9c"",""deployment"":""94032a27-ad79-4bca-90c0-521b01485e42"",""replica"":""7c97fd6b-8e71-46a9-a8f1-b1b1ff1d426c""}",2026-03-26T22:07:00.947544505Z
"2026-03-26 22:07:00,773 [INFO] Google Sheets connected! Tabs: BTC, ETH, SOL, XRP",info,"{""level"":""info""}","{""project"":""9409ddfa-0500-48ff-b3fa-e3db90fa1091"",""environment"":""e228329a-f513-4199-919b-76d15d46ec8e"",""service"":""8bd636f2-4dab-4d92-918b-b4bccb53fa9c"",""deployment"":""94032a27-ad79-4bca-90c0-521b01485e42"",""replica"":""7c97fd6b-8e71-46a9-a8f1-b1b1ff1d426c""}",2026-03-26T22:07:00.947675182Z
"2026-03-26 22:07:00,778 [INFO] Auto-redeem service ready ✓",info,"{""level"":""info""}","{""project"":""9409ddfa-0500-48ff-b3fa-e3db90fa1091"",""environment"":""e228329a-f513-4199-919b-76d15d46ec8e"",""service"":""8bd636f2-4dab-4d92-918b-b4bccb53fa9c"",""deployment"":""94032a27-ad79-4bca-90c0-521b01485e42"",""replica"":""7c97fd6b-8e71-46a9-a8f1-b1b1ff1d426c""}",2026-03-26T22:07:00.947681835Z
"2026-03-26 22:07:00,778 [INFO] =======================================================",info,"{""level"":""info""}","{""project"":""9409ddfa-0500-48ff-b3fa-e3db90fa1091"",""environment"":""e228329a-f513-4199-919b-76d15d46ec8e"",""service"":""8bd636f2-4dab-4d92-918b-b4bccb53fa9c"",""deployment"":""94032a27-ad79-4bca-90c0-521b01485e42"",""replica"":""7c97fd6b-8e71-46a9-a8f1-b1b1ff1d426c""}",2026-03-26T22:07:00.947689248Z
"2026-03-26 22:07:00,778 [INFO]   DRY RUN MODE",info,"{""level"":""info""}","{""project"":""9409ddfa-0500-48ff-b3fa-e3db90fa1091"",""environment"":""e228329a-f513-4199-919b-76d15d46ec8e"",""service"":""8bd636f2-4dab-4d92-918b-b4bccb53fa9c"",""deployment"":""94032a27-ad79-4bca-90c0-521b01485e42"",""replica"":""7c97fd6b-8e71-46a9-a8f1-b1b1ff1d426c""}",2026-03-26T22:07:00.947697275Z
"2026-03-26 22:07:00,778 [INFO] =======================================================",info,"{""level"":""info""}","{""project"":""9409ddfa-0500-48ff-b3fa-e3db90fa1091"",""environment"":""e228329a-f513-4199-919b-76d15d46ec8e"",""service"":""8bd636f2-4dab-4d92-918b-b4bccb53fa9c"",""deployment"":""94032a27-ad79-4bca-90c0-521b01485e42"",""replica"":""7c97fd6b-8e71-46a9-a8f1-b1b1ff1d426c""}",2026-03-26T22:07:00.947704801Z
"2026-03-26 22:07:00,778 [INFO] Bot started — BTC, ETH, SOL, XRP",info,"{""level"":""info""}","{""project"":""9409ddfa-0500-48ff-b3fa-e3db90fa1091"",""environment"":""e228329a-f513-4199-919b-76d15d46ec8e"",""service"":""8bd636f2-4dab-4d92-918b-b4bccb53fa9c"",""deployment"":""94032a27-ad79-4bca-90c0-521b01485e42"",""replica"":""7c97fd6b-8e71-46a9-a8f1-b1b1ff1d426c""}",2026-03-26T22:07:00.947712465Z
"2026-03-26 22:07:00,778 [INFO] S2-only | vol swing 35% | S2 entry min 6-12 | cheap 2%-10% | TP1@15% TP2@40%",info,"{""level"":""info""}","{""project"":""9409ddfa-0500-48ff-b3fa-e3db90fa1091"",""environment"":""e228329a-f513-4199-919b-76d15d46ec8e"",""service"":""8bd636f2-4dab-4d92-918b-b4bccb53fa9c"",""deployment"":""94032a27-ad79-4bca-90c0-521b01485e42"",""replica"":""7c97fd6b-8e71-46a9-a8f1-b1b1ff1d426c""}",2026-03-26T22:07:00.947719973Z
"2026-03-26 22:07:00,948 [INFO]   [BTC] S1 SIGNAL: direction=YES @ 83.50%",info,"{""level"":""info""}","{""project"":""9409ddfa-0500-48ff-b3fa-e3db90fa1091"",""environment"":""e228329a-f513-4199-919b-76d15d46ec8e"",""service"":""8bd636f2-4dab-4d92-918b-b4bccb53fa9c"",""deployment"":""94032a27-ad79-4bca-90c0-521b01485e42"",""replica"":""7c97fd6b-8e71-46a9-a8f1-b1b1ff1d426c""}",2026-03-26T22:07:00.950535352Z
"2026-03-26 22:07:03,611 [INFO]   [SOL] S1 SIGNAL: direction=NO @ 79.50%",info,"{""level"":""info""}","{""project"":""9409ddfa-0500-48ff-b3fa-e3db90fa1091"",""environment"":""e228329a-f513-4199-919b-76d15d46ec8e"",""service"":""8bd636f2-4dab-4d92-918b-b4bccb53fa9c"",""deployment"":""94032a27-ad79-4bca-90c0-521b01485e42"",""replica"":""7c97fd6b-8e71-46a9-a8f1-b1b1ff1d426c""}",2026-03-26T22:07:03.617281321Z
"2026-03-26 22:08:12,552 [INFO]   [ETH] S1 SIGNAL: direction=YES @ 78.50%",info,"{""level"":""info""}","{""project"":""9409ddfa-0500-48ff-b3fa-e3db90fa1091"",""environment"":""e228329a-f513-4199-919b-76d15d46ec8e"",""service"":""8bd636f2-4dab-4d92-918b-b4bccb53fa9c"",""deployment"":""94032a27-ad79-4bca-90c0-521b01485e42"",""replica"":""7c97fd6b-8e71-46a9-a8f1-b1b1ff1d426c""}",2026-03-26T22:08:13.807281836Z
"2026-03-26 22:08:41,242 [INFO]   [XRP] VOL: dump leg done (base 70.50% → 35.50%)",info,"{""level"":""info""}","{""project"":""9409ddfa-0500-48ff-b3fa-e3db90fa1091"",""environment"":""e228329a-f513-4199-919b-76d15d46ec8e"",""service"":""8bd636f2-4dab-4d92-918b-b4bccb53fa9c"",""deployment"":""94032a27-ad79-4bca-90c0-521b01485e42"",""replica"":""7c97fd6b-8e71-46a9-a8f1-b1b1ff1d426c""}",2026-03-26T22:08:43.550564352Z
"2026-03-26 22:08:43,375 [INFO]   [BTC] VOL: dump leg done (base 83.50% → 46.50%)",info,"{""level"":""info""}","{""project"":""9409ddfa-0500-48ff-b3fa-e3db90fa1091"",""environment"":""e228329a-f513-4199-919b-76d15d46ec8e"",""service"":""8bd636f2-4dab-4d92-918b-b4bccb53fa9c"",""deployment"":""94032a27-ad79-4bca-90c0-521b01485e42"",""replica"":""7c97fd6b-8e71-46a9-a8f1-b1b1ff1d426c""}",2026-03-26T22:08:43.550570292Z
"2026-03-26 22:09:00,128 [INFO]   [ETH] VOL: dump leg done (base 76.50% → 39.50%)",info,"{""level"":""info""}","{""project"":""9409ddfa-0500-48ff-b3fa-e3db90fa1091"",""environment"":""e228329a-f513-4199-919b-76d15d46ec8e"",""service"":""8bd636f2-4dab-4d92-918b-b4bccb53fa9c"",""deployment"":""94032a27-ad79-4bca-90c0-521b01485e42"",""replica"":""7c97fd6b-8e71-46a9-a8f1-b1b1ff1d426c""}",2026-03-26T22:09:03.554394609Z
"2026-03-26 22:09:21,679 [INFO]   [XRP] S1 SIGNAL: direction=NO @ 78.50%",info,"{""level"":""info""}","{""project"":""9409ddfa-0500-48ff-b3fa-e3db90fa1091"",""environment"":""e228329a-f513-4199-919b-76d15d46ec8e"",""service"":""8bd636f2-4dab-4d92-918b-b4bccb53fa9c"",""deployment"":""94032a27-ad79-4bca-90c0-521b01485e42"",""replica"":""7c97fd6b-8e71-46a9-a8f1-b1b1ff1d426c""}",2026-03-26T22:09:23.789701548Z
"2026-03-26 22:10:41,829 [INFO]   [ETH] VOL: cycle complete — dump then pump (trough 30.50% → 65.50%)",info,"{""level"":""info""}","{""project"":""9409ddfa-0500-48ff-b3fa-e3db90fa1091"",""environment"":""e228329a-f513-4199-919b-76d15d46ec8e"",""service"":""8bd636f2-4dab-4d92-918b-b4bccb53fa9c"",""deployment"":""94032a27-ad79-4bca-90c0-521b01485e42"",""replica"":""7c97fd6b-8e71-46a9-a8f1-b1b1ff1d426c""}",2026-03-26T22:10:43.695171814Z
"2026-03-26 22:10:41,888 [INFO]   [ETH] VOLATILE — checking S2 cheap buy (YES=65.50%, NO=34.50%)",info,"{""level"":""info""}","{""project"":""9409ddfa-0500-48ff-b3fa-e3db90fa1091"",""environment"":""e228329a-f513-4199-919b-76d15d46ec8e"",""service"":""8bd636f2-4dab-4d92-918b-b4bccb53fa9c"",""deployment"":""94032a27-ad79-4bca-90c0-521b01485e42"",""replica"":""7c97fd6b-8e71-46a9-a8f1-b1b1ff1d426c""}",2026-03-26T22:10:43.695184732Z
"2026-03-26 22:10:41,888 [INFO]   [ETH] S2: no cheap side found — skipping window",info,"{""level"":""info""}","{""project"":""9409ddfa-0500-48ff-b3fa-e3db90fa1091"",""environment"":""e228329a-f513-4199-919b-76d15d46ec8e"",""service"":""8bd636f2-4dab-4d92-918b-b4bccb53fa9c"",""deployment"":""94032a27-ad79-4bca-90c0-521b01485e42"",""replica"":""7c97fd6b-8e71-46a9-a8f1-b1b1ff1d426c""}",2026-03-26T22:10:43.695191610Z
"2026-03-26 22:10:44,114 [INFO]   [BTC] VOL: cycle complete — dump then pump (trough 30.50% → 66.50%)",info,"{""level"":""info""}","{""project"":""9409ddfa-0500-48ff-b3fa-e3db90fa1091"",""environment"":""e228329a-f513-4199-919b-76d15d46ec8e"",""service"":""8bd636f2-4dab-4d92-918b-b4bccb53fa9c"",""deployment"":""94032a27-ad79-4bca-90c0-521b01485e42"",""replica"":""7c97fd6b-8e71-46a9-a8f1-b1b1ff1d426c""}",2026-03-26T22:10:44.127013122Z
"2026-03-26 22:10:44,187 [INFO]   [BTC] VOLATILE — checking S2 cheap buy (YES=66.50%, NO=33.50%)",info,"{""level"":""info""}","{""project"":""9409ddfa-0500-48ff-b3fa-e3db90fa1091"",""environment"":""e228329a-f513-4199-919b-76d15d46ec8e"",""service"":""8bd636f2-4dab-4d92-918b-b4bccb53fa9c"",""deployment"":""94032a27-ad79-4bca-90c0-521b01485e42"",""replica"":""7c97fd6b-8e71-46a9-a8f1-b1b1ff1d426c""}",2026-03-26T22:10:44.197686454Z
"2026-03-26 22:10:44,188 [INFO]   [BTC] S2: no cheap side found — skipping window",info,"{""level"":""info""}","{""project"":""9409ddfa-0500-48ff-b3fa-e3db90fa1091"",""environment"":""e228329a-f513-4199-919b-76d15d46ec8e"",""service"":""8bd636f2-4dab-4d92-918b-b4bccb53fa9c"",""deployment"":""94032a27-ad79-4bca-90c0-521b01485e42"",""replica"":""7c97fd6b-8e71-46a9-a8f1-b1b1ff1d426c""}",2026-03-26T22:10:44.197695487Z
"2026-03-26 22:12:23,559 [INFO]   [XRP] VOL: cycle complete — dump then pump (trough 19.50% → 55.00%)",info,"{""level"":""info""}","{""project"":""9409ddfa-0500-48ff-b3fa-e3db90fa1091"",""environment"":""e228329a-f513-4199-919b-76d15d46ec8e"",""service"":""8bd636f2-4dab-4d92-918b-b4bccb53fa9c"",""deployment"":""94032a27-ad79-4bca-90c0-521b01485e42"",""replica"":""7c97fd6b-8e71-46a9-a8f1-b1b1ff1d426c""}",2026-03-26T22:12:24.681689886Z
"2026-03-26 22:12:23,617 [INFO]   [XRP] VOLATILE but S2 window closed — skipping entire window",info,"{""level"":""info""}","{""project"":""9409ddfa-0500-48ff-b3fa-e3db90fa1091"",""environment"":""e228329a-f513-4199-919b-76d15d46ec8e"",""service"":""8bd636f2-4dab-4d92-918b-b4bccb53fa9c"",""deployment"":""94032a27-ad79-4bca-90c0-521b01485e42"",""replica"":""7c97fd6b-8e71-46a9-a8f1-b1b1ff1d426c""}",2026-03-26T22:12:24.681698402Z
"2026-03-26 22:20:02,289 [INFO]   [XRP] S1 SIGNAL: direction=NO @ 78.50%",info,"{""level"":""info""}","{""project"":""9409ddfa-0500-48ff-b3fa-e3db90fa1091"",""environment"":""e228329a-f513-4199-919b-76d15d46ec8e"",""service"":""8bd636f2-4dab-4d92-918b-b4bccb53fa9c"",""deployment"":""94032a27-ad79-4bca-90c0-521b01485e42"",""replica"":""7c97fd6b-8e71-46a9-a8f1-b1b1ff1d426c""}",2026-03-26T22:20:09.768854115Z
"2026-03-26 22:24:11,904 [INFO]   [BTC] S1 SIGNAL: direction=NO @ 82.50%",info,"{""level"":""info""}","{""project"":""9409ddfa-0500-48ff-b3fa-e3db90fa1091"",""environment"":""e228329a-f513-4199-919b-76d15d46ec8e"",""service"":""8bd636f2-4dab-4d92-918b-b4bccb53fa9c"",""deployment"":""94032a27-ad79-4bca-90c0-521b01485e42"",""replica"":""7c97fd6b-8e71-46a9-a8f1-b1b1ff1d426c""}",2026-03-26T22:24:12.608299822Z
"2026-03-26 22:24:16,658 [INFO]   [BTC] VOL: dump leg done (base 43.00% → 3.50%)",info,"{""level"":""info""}","{""project"":""9409ddfa-0500-48ff-b3fa-e3db90fa1091"",""environment"":""e228329a-f513-4199-919b-76d15d46ec8e"",""service"":""8bd636f2-4dab-4d92-918b-b4bccb53fa9c"",""deployment"":""94032a27-ad79-4bca-90c0-521b01485e42"",""replica"":""7c97fd6b-8e71-46a9-a8f1-b1b1ff1d426c""}",2026-03-26T22:24:16.741729234Z
"2026-03-26 22:24:28,624 [INFO]   [ETH] VOL: dump leg done (base 36.50% → 1.50%)",info,"{""level"":""info""}","{""project"":""9409ddfa-0500-48ff-b3fa-e3db90fa1091"",""environment"":""e228329a-f513-4199-919b-76d15d46ec8e"",""service"":""8bd636f2-4dab-4d92-918b-b4bccb53fa9c"",""deployment"":""94032a27-ad79-4bca-90c0-521b01485e42"",""replica"":""7c97fd6b-8e71-46a9-a8f1-b1b1ff1d426c""}",2026-03-26T22:24:36.596078351Z
"2026-03-26 22:25:42,124 [INFO]   [SOL] VOL: dump leg done (base 39.50% → 4.50%)",info,"{""level"":""info""}","{""project"":""9409ddfa-0500-48ff-b3fa-e3db90fa1091"",""environment"":""e228329a-f513-4199-919b-76d15d46ec8e"",""service"":""8bd636f2-4dab-4d92-918b-b4bccb53fa9c"",""deployment"":""94032a27-ad79-4bca-90c0-521b01485e42"",""replica"":""7c97fd6b-8e71-46a9-a8f1-b1b1ff1d426c""}",2026-03-26T22:25:46.845148899Z
"2026-03-26 22:27:45,915 [INFO]   [SOL] S1 SIGNAL: direction=NO @ 78.70%",info,"{""level"":""info""}","{""project"":""9409ddfa-0500-48ff-b3fa-e3db90fa1091"",""environment"":""e228329a-f513-4199-919b-76d15d46ec8e"",""service"":""8bd636f2-4dab-4d92-918b-b4bccb53fa9c"",""deployment"":""94032a27-ad79-4bca-90c0-521b01485e42"",""replica"":""7c97fd6b-8e71-46a9-a8f1-b1b1ff1d426c""}",2026-03-26T22:27:48.474151061Z
"2026-03-26 22:40:25,437 [INFO]   [SOL] S1 SIGNAL: direction=YES @ 78.50%",info,"{""level"":""info""}","{""project"":""9409ddfa-0500-48ff-b3fa-e3db90fa1091"",""environment"":""e228329a-f513-4199-919b-76d15d46ec8e"",""service"":""8bd636f2-4dab-4d92-918b-b4bccb53fa9c"",""deployment"":""94032a27-ad79-4bca-90c0-521b01485e42"",""replica"":""7c97fd6b-8e71-46a9-a8f1-b1b1ff1d426c""}",2026-03-26T22:40:26.701194524Z
"2026-03-26 22:40:44,157 [INFO]   [BTC] S1 SIGNAL: direction=YES @ 78.00%",info,"{""level"":""info""}","{""project"":""9409ddfa-0500-48ff-b3fa-e3db90fa1091"",""environment"":""e228329a-f513-4199-919b-76d15d46ec8e"",""service"":""8bd636f2-4dab-4d92-918b-b4bccb53fa9c"",""deployment"":""94032a27-ad79-4bca-90c0-521b01485e42"",""replica"":""7c97fd6b-8e71-46a9-a8f1-b1b1ff1d426c""}",2026-03-26T22:40:46.506779350Z
"2026-03-26 22:41:22,089 [INFO]   [ETH] S1 SIGNAL: direction=YES @ 79.50%",info,"{""level"":""info""}","{""project"":""9409ddfa-0500-48ff-b3fa-e3db90fa1091"",""environment"":""e228329a-f513-4199-919b-76d15d46ec8e"",""service"":""8bd636f2-4dab-4d92-918b-b4bccb53fa9c"",""deployment"":""94032a27-ad79-4bca-90c0-521b01485e42"",""replica"":""7c97fd6b-8e71-46a9-a8f1-b1b1ff1d426c""}",2026-03-26T22:41:26.589393253Z
"2026-03-26 22:41:29,353 [INFO]   [XRP] S1 SIGNAL: direction=YES @ 82.50%",info,"{""level"":""info""}","{""project"":""9409ddfa-0500-48ff-b3fa-e3db90fa1091"",""environment"":""e228329a-f513-4199-919b-76d15d46ec8e"",""service"":""8bd636f2-4dab-4d92-918b-b4bccb53fa9c"",""deployment"":""94032a27-ad79-4bca-90c0-521b01485e42"",""replica"":""7c97fd6b-8e71-46a9-a8f1-b1b1ff1d426c""}",2026-03-26T22:41:29.695433371Z
"2026-03-26 22:43:13,824 [INFO]   [SOL] VOL: pump leg done (base 61.50% → 96.50%)",info,"{""level"":""info""}","{""project"":""9409ddfa-0500-48ff-b3fa-e3db90fa1091"",""environment"":""e228329a-f513-4199-919b-76d15d46ec8e"",""service"":""8bd636f2-4dab-4d92-918b-b4bccb53fa9c"",""deployment"":""94032a27-ad79-4bca-90c0-521b01485e42"",""replica"":""7c97fd6b-8e71-46a9-a8f1-b1b1ff1d426c""}",2026-03-26T22:43:20.742141302Z
"2026-03-26 22:43:37,679 [INFO]   [ETH] VOL: pump leg done (base 61.50% → 97.50%)",info,"{""level"":""info""}","{""project"":""9409ddfa-0500-48ff-b3fa-e3db90fa1091"",""environment"":""e228329a-f513-4199-919b-76d15d46ec8e"",""service"":""8bd636f2-4dab-4d92-918b-b4bccb53fa9c"",""deployment"":""94032a27-ad79-4bca-90c0-521b01485e42"",""replica"":""7c97fd6b-8e71-46a9-a8f1-b1b1ff1d426c""}",2026-03-26T22:43:40.581818362Z
"2026-03-26 22:52:35,878 [INFO]   [XRP] S1 SIGNAL: direction=YES @ 78.50%",info,"{""level"":""info""}","{""project"":""9409ddfa-0500-48ff-b3fa-e3db90fa1091"",""environment"":""e228329a-f513-4199-919b-76d15d46ec8e"",""service"":""8bd636f2-4dab-4d92-918b-b4bccb53fa9c"",""deployment"":""94032a27-ad79-4bca-90c0-521b01485e42"",""replica"":""7c97fd6b-8e71-46a9-a8f1-b1b1ff1d426c""}",2026-03-26T22:52:37.152066580Z
"2026-03-26 22:54:43,914 [INFO]   [BTC] S1 SIGNAL: direction=YES @ 78.50%",info,"{""level"":""info""}","{""project"":""9409ddfa-0500-48ff-b3fa-e3db90fa1091"",""environment"":""e228329a-f513-4199-919b-76d15d46ec8e"",""service"":""8bd636f2-4dab-4d92-918b-b4bccb53fa9c"",""deployment"":""94032a27-ad79-4bca-90c0-521b01485e42"",""replica"":""7c97fd6b-8e71-46a9-a8f1-b1b1ff1d426c""}",2026-03-26T22:54:47.821479416Z
"2026-03-26 22:55:30,726 [INFO]   [SOL] S1 SIGNAL: direction=YES @ 78.00%",info,"{""level"":""info""}","{""project"":""9409ddfa-0500-48ff-b3fa-e3db90fa1091"",""environment"":""e228329a-f513-4199-919b-76d15d46ec8e"",""service"":""8bd636f2-4dab-4d92-918b-b4bccb53fa9c"",""deployment"":""94032a27-ad79-4bca-90c0-521b01485e42"",""replica"":""7c97fd6b-8e71-46a9-a8f1-b1b1ff1d426c""}",2026-03-26T22:55:37.677150028Z
"2026-03-26 22:58:20,842 [INFO]   [SOL] VOL: pump leg done (base 60.50% → 95.50%)",info,"{""level"":""info""}","{""project"":""9409ddfa-0500-48ff-b3fa-e3db90fa1091"",""environment"":""e228329a-f513-4199-919b-76d15d46ec8e"",""service"":""8bd636f2-4dab-4d92-918b-b4bccb53fa9c"",""deployment"":""94032a27-ad79-4bca-90c0-521b01485e42"",""replica"":""7c97fd6b-8e71-46a9-a8f1-b1b1ff1d426c""}",2026-03-26T22:58:29.521604321Z
"2026-03-26 22:58:37,196 [INFO]   [ETH] S1 SIGNAL: direction=YES @ 80.00%",info,"{""level"":""info""}","{""project"":""9409ddfa-0500-48ff-b3fa-e3db90fa1091"",""environment"":""e228329a-f513-4199-919b-76d15d46ec8e"",""service"":""8bd636f2-4dab-4d92-918b-b4bccb53fa9c"",""deployment"":""94032a27-ad79-4bca-90c0-521b01485e42"",""replica"":""7c97fd6b-8e71-46a9-a8f1-b1b1ff1d426c""}",2026-03-26T22:58:37.212104748Z
"2026-03-26 22:59:02,926 [INFO]   [BTC] VOL: pump leg done (base 64.50% → 99.50%)",info,"{""level"":""info""}","{""project"":""9409ddfa-0500-48ff-b3fa-e3db90fa1091"",""environment"":""e228329a-f513-4199-919b-76d15d46ec8e"",""service"":""8bd636f2-4dab-4d92-918b-b4bccb53fa9c"",""deployment"":""94032a27-ad79-4bca-90c0-521b01485e42"",""replica"":""7c97fd6b-8e71-46a9-a8f1-b1b1ff1d426c""}",2026-03-26T22:59:07.219538059Z
"2026-03-26 22:59:10,050 [INFO]   [ETH] VOL: pump leg done (base 48.00% → 83.50%)",info,"{""level"":""info""}","{""project"":""9409ddfa-0500-48ff-b3fa-e3db90fa1091"",""environment"":""e228329a-f513-4199-919b-76d15d46ec8e"",""service"":""8bd636f2-4dab-4d92-918b-b4bccb53fa9c"",""deployment"":""94032a27-ad79-4bca-90c0-521b01485e42"",""replica"":""7c97fd6b-8e71-46a9-a8f1-b1b1ff1d426c""}",2026-03-26T22:59:10.058266400Z
"2026-03-26 22:59:42,788 [INFO]   [XRP] VOL: pump leg done (base 64.00% → 99.50%)",info,"{""level"":""info""}","{""project"":""9409ddfa-0500-48ff-b3fa-e3db90fa1091"",""environment"":""e228329a-f513-4199-919b-76d15d46ec8e"",""service"":""8bd636f2-4dab-4d92-918b-b4bccb53fa9c"",""deployment"":""94032a27-ad79-4bca-90c0-521b01485e42"",""replica"":""7c97fd6b-8e71-46a9-a8f1-b1b1ff1d426c""}",2026-03-26T22:59:49.935529725Z
"2026-03-26 23:05:02,161 [INFO]   [ETH] S1 SIGNAL: direction=YES @ 80.50%",info,"{""level"":""info""}","{""project"":""9409ddfa-0500-48ff-b3fa-e3db90fa1091"",""environment"":""e228329a-f513-4199-919b-76d15d46ec8e"",""service"":""8bd636f2-4dab-4d92-918b-b4bccb53fa9c"",""deployment"":""94032a27-ad79-4bca-90c0-521b01485e42"",""replica"":""7c97fd6b-8e71-46a9-a8f1-b1b1ff1d426c""}",2026-03-26T23:05:03.799155213Z
"2026-03-26 23:05:32,652 [INFO]   [BTC] S1 SIGNAL: direction=YES @ 78.50%",info,"{""level"":""info""}","{""project"":""9409ddfa-0500-48ff-b3fa-e3db90fa1091"",""environment"":""e228329a-f513-4199-919b-76d15d46ec8e"",""service"":""8bd636f2-4dab-4d92-918b-b4bccb53fa9c"",""deployment"":""94032a27-ad79-4bca-90c0-521b01485e42"",""replica"":""7c97fd6b-8e71-46a9-a8f1-b1b1ff1d426c""}",2026-03-26T23:05:33.604553193Z
"2026-03-26 23:08:56,830 [INFO]   [BTC] VOL: dump leg done (base 73.50% → 35.50%)",info,"{""level"":""info""}","{""project"":""9409ddfa-0500-48ff-b3fa-e3db90fa1091"",""environment"":""e228329a-f513-4199-919b-76d15d46ec8e"",""service"":""8bd636f2-4dab-4d92-918b-b4bccb53fa9c"",""deployment"":""94032a27-ad79-4bca-90c0-521b01485e42"",""replica"":""7c97fd6b-8e71-46a9-a8f1-b1b1ff1d426c""}",2026-03-26T23:09:05.786591854Z
"2026-03-26 23:08:56,896 [INFO]   [ETH] VOL: dump leg done (base 80.50% → 43.50%)",info,"{""level"":""info""}","{""project"":""9409ddfa-0500-48ff-b3fa-e3db90fa1091"",""environment"":""e228329a-f513-4199-919b-76d15d46ec8e"",""service"":""8bd636f2-4dab-4d92-918b-b4bccb53fa9c"",""deployment"":""94032a27-ad79-4bca-90c0-521b01485e42"",""replica"":""7c97fd6b-8e71-46a9-a8f1-b1b1ff1d426c""}",2026-03-26T23:09:05.786597258Z
"2026-03-26 23:09:55,401 [INFO]   [SOL] VOL: dump leg done (base 68.00% → 32.50%)",info,"{""level"":""info""}","{""project"":""9409ddfa-0500-48ff-b3fa-e3db90fa1091"",""environment"":""e228329a-f513-4199-919b-76d15d46ec8e"",""service"":""8bd636f2-4dab-4d92-918b-b4bccb53fa9c"",""deployment"":""94032a27-ad79-4bca-90c0-521b01485e42"",""replica"":""7c97fd6b-8e71-46a9-a8f1-b1b1ff1d426c""}",2026-03-26T23:09:56.041053372Z
"2026-03-26 23:09:55,467 [INFO]   [XRP] VOL: dump leg done (base 59.50% → 18.50%)",info,"{""level"":""info""}","{""project"":""9409ddfa-0500-48ff-b3fa-e3db90fa1091"",""environment"":""e228329a-f513-4199-919b-76d15d46ec8e"",""service"":""8bd636f2-4dab-4d92-918b-b4bccb53fa9c"",""deployment"":""94032a27-ad79-4bca-90c0-521b01485e42"",""replica"":""7c97fd6b-8e71-46a9-a8f1-b1b1ff1d426c""}",2026-03-26T23:09:56.041059055Z
"2026-03-26 23:09:55,514 [INFO]   [XRP] S1 SIGNAL: direction=NO @ 81.50%",info,"{""level"":""info""}","{""project"":""9409ddfa-0500-48ff-b3fa-e3db90fa1091"",""environment"":""e228329a-f513-4199-919b-76d15d46ec8e"",""service"":""8bd636f2-4dab-4d92-918b-b4bccb53fa9c"",""deployment"":""94032a27-ad79-4bca-90c0-521b01485e42"",""replica"":""7c97fd6b-8e71-46a9-a8f1-b1b1ff1d426c""}",2026-03-26T23:09:56.041064427Z
"2026-03-26 23:10:32,809 [INFO]   [SOL] S1 SIGNAL: direction=NO @ 79.50%",info,"{""level"":""info""}","{""project"":""9409ddfa-0500-48ff-b3fa-e3db90fa1091"",""environment"":""e228329a-f513-4199-919b-76d15d46ec8e"",""service"":""8bd636f2-4dab-4d92-918b-b4bccb53fa9c"",""deployment"":""94032a27-ad79-4bca-90c0-521b01485e42"",""replica"":""7c97fd6b-8e71-46a9-a8f1-b1b1ff1d426c""}",2026-03-26T23:10:35.952550929Z
"2026-03-26 23:20:00,630 [INFO]   [ETH] S1 SIGNAL: direction=YES @ 80.50%",info,"{""level"":""info""}","{""project"":""9409ddfa-0500-48ff-b3fa-e3db90fa1091"",""environment"":""e228329a-f513-4199-919b-76d15d46ec8e"",""service"":""8bd636f2-4dab-4d92-918b-b4bccb53fa9c"",""deployment"":""94032a27-ad79-4bca-90c0-521b01485e42"",""replica"":""7c97fd6b-8e71-46a9-a8f1-b1b1ff1d426c""}",2026-03-26T23:20:01.655714229Z
"2026-03-26 23:23:02,439 [INFO]   [ETH] VOL: dump leg done (base 80.50% → 43.50%)",info,"{""level"":""info""}","{""project"":""9409ddfa-0500-48ff-b3fa-e3db90fa1091"",""environment"":""e228329a-f513-4199-919b-76d15d46ec8e"",""service"":""8bd636f2-4dab-4d92-918b-b4bccb53fa9c"",""deployment"":""94032a27-ad79-4bca-90c0-521b01485e42"",""replica"":""7c97fd6b-8e71-46a9-a8f1-b1b1ff1d426c""}",2026-03-26T23:23:02.909881873Z
"2026-03-26 23:23:25,853 [INFO]   [BTC] VOL: dump leg done (base 64.50% → 29.50%)",info,"{""level"":""info""}","{""project"":""9409ddfa-0500-48ff-b3fa-e3db90fa1091"",""environment"":""e228329a-f513-4199-919b-76d15d46ec8e"",""service"":""8bd636f2-4dab-4d92-918b-b4bccb53fa9c"",""deployment"":""94032a27-ad79-4bca-90c0-521b01485e42"",""replica"":""7c97fd6b-8e71-46a9-a8f1-b1b1ff1d426c""}",2026-03-26T23:23:32.780191814Z
"2026-03-26 23:23:44,778 [INFO]   [BTC] S1 SIGNAL: direction=NO @ 83.50%",info,"{""level"":""info""}","{""project"":""9409ddfa-0500-48ff-b3fa-e3db90fa1091"",""environment"":""e228329a-f513-4199-919b-76d15d46ec8e"",""service"":""8bd636f2-4dab-4d92-918b-b4bccb53fa9c"",""deployment"":""94032a27-ad79-4bca-90c0-521b01485e42"",""replica"":""7c97fd6b-8e71-46a9-a8f1-b1b1ff1d426c""}",2026-03-26T23:23:52.775369481Z
"2026-03-26 23:23:47,245 [INFO]   [SOL] VOL: dump leg done (base 72.50% → 31.50%)",info,"{""level"":""info""}","{""project"":""9409ddfa-0500-48ff-b3fa-e3db90fa1091"",""environment"":""e228329a-f513-4199-919b-76d15d46ec8e"",""service"":""8bd636f2-4dab-4d92-918b-b4bccb53fa9c"",""deployment"":""94032a27-ad79-4bca-90c0-521b01485e42"",""replica"":""7c97fd6b-8e71-46a9-a8f1-b1b1ff1d426c""}",2026-03-26T23:23:52.775375420Z
"2026-03-26 23:23:47,319 [INFO]   [XRP] VOL: dump leg done (base 74.50% → 39.50%)",info,"{""level"":""info""}","{""project"":""9409ddfa-0500-48ff-b3fa-e3db90fa1091"",""environment"":""e228329a-f513-4199-919b-76d15d46ec8e"",""service"":""8bd636f2-4dab-4d92-918b-b4bccb53fa9c"",""deployment"":""94032a27-ad79-4bca-90c0-521b01485e42"",""replica"":""7c97fd6b-8e71-46a9-a8f1-b1b1ff1d426c""}",2026-03-26T23:23:52.775381536Z
"2026-03-26 23:24:11,046 [INFO]   [SOL] S1 SIGNAL: direction=NO @ 79.50%",info,"{""level"":""info""}","{""project"":""9409ddfa-0500-48ff-b3fa-e3db90fa1091"",""environment"":""e228329a-f513-4199-919b-76d15d46ec8e"",""service"":""8bd636f2-4dab-4d92-918b-b4bccb53fa9c"",""deployment"":""94032a27-ad79-4bca-90c0-521b01485e42"",""replica"":""7c97fd6b-8e71-46a9-a8f1-b1b1ff1d426c""}",2026-03-26T23:24:12.775608522Z
"2026-03-26 23:24:15,836 [INFO]   [XRP] S1 SIGNAL: direction=NO @ 82.00%",info,"{""level"":""info""}","{""project"":""9409ddfa-0500-48ff-b3fa-e3db90fa1091"",""environment"":""e228329a-f513-4199-919b-76d15d46ec8e"",""service"":""8bd636f2-4dab-4d92-918b-b4bccb53fa9c"",""deployment"":""94032a27-ad79-4bca-90c0-521b01485e42"",""replica"":""7c97fd6b-8e71-46a9-a8f1-b1b1ff1d426c""}",2026-03-26T23:24:15.840266081Z
"2026-03-26 23:24:15,836 [INFO]   PEER DIVERGENCE 3v1: 3 DOWN ['BTC', 'SOL', 'XRP'] — ETH going UP",info,"{""level"":""info""}","{""project"":""9409ddfa-0500-48ff-b3fa-e3db90fa1091"",""environment"":""e228329a-f513-4199-919b-76d15d46ec8e"",""service"":""8bd636f2-4dab-4d92-918b-b4bccb53fa9c"",""deployment"":""94032a27-ad79-4bca-90c0-521b01485e42"",""replica"":""7c97fd6b-8e71-46a9-a8f1-b1b1ff1d426c""}",2026-03-26T23:24:15.840272185Z
"2026-03-26 23:24:15,860 [INFO]   PEER S2: ETH NO @ 89.50% — not in range (2%-10%)",info,"{""level"":""info""}","{""project"":""9409ddfa-0500-48ff-b3fa-e3db90fa1091"",""environment"":""e228329a-f513-4199-919b-76d15d46ec8e"",""service"":""8bd636f2-4dab-4d92-918b-b4bccb53fa9c"",""deployment"":""94032a27-ad79-4bca-90c0-521b01485e42"",""replica"":""7c97fd6b-8e71-46a9-a8f1-b1b1ff1d426c""}",2026-03-26T23:24:15.864096415Z
"2026-03-26 23:35:03,429 [INFO]   [SOL] S1 SIGNAL: direction=NO @ 83.00%",info,"{""level"":""info""}","{""project"":""9409ddfa-0500-48ff-b3fa-e3db90fa1091"",""environment"":""e228329a-f513-4199-919b-76d15d46ec8e"",""service"":""8bd636f2-4dab-4d92-918b-b4bccb53fa9c"",""deployment"":""94032a27-ad79-4bca-90c0-521b01485e42"",""replica"":""7c97fd6b-8e71-46a9-a8f1-b1b1ff1d426c""}",2026-03-26T23:35:12.268497644Z
"2026-03-26 23:37:20,774 [INFO]   [ETH] S1 SIGNAL: direction=NO @ 80.50%",info,"{""level"":""info""}","{""project"":""9409ddfa-0500-48ff-b3fa-e3db90fa1091"",""environment"":""e228329a-f513-4199-919b-76d15d46ec8e"",""service"":""8bd636f2-4dab-4d92-918b-b4bccb53fa9c"",""deployment"":""94032a27-ad79-4bca-90c0-521b01485e42"",""replica"":""7c97fd6b-8e71-46a9-a8f1-b1b1ff1d426c""}",2026-03-26T23:37:22.903282566Z
"2026-03-26 23:37:48,500 [INFO]   [BTC] VOL: pump leg done (base 36.50% → 72.50%)",info,"{""level"":""info""}","{""project"":""9409ddfa-0500-48ff-b3fa-e3db90fa1091"",""environment"":""e228329a-f513-4199-919b-76d15d46ec8e"",""service"":""8bd636f2-4dab-4d92-918b-b4bccb53fa9c"",""deployment"":""94032a27-ad79-4bca-90c0-521b01485e42"",""replica"":""7c97fd6b-8e71-46a9-a8f1-b1b1ff1d426c""}",2026-03-26T23:37:52.710741251Z
"2026-03-26 23:38:02,715 [INFO]   [BTC] S1 SIGNAL: direction=YES @ 79.50%",info,"{""level"":""info""}","{""project"":""9409ddfa-0500-48ff-b3fa-e3db90fa1091"",""environment"":""e228329a-f513-4199-919b-76d15d46ec8e"",""service"":""8bd636f2-4dab-4d92-918b-b4bccb53fa9c"",""deployment"":""94032a27-ad79-4bca-90c0-521b01485e42"",""replica"":""7c97fd6b-8e71-46a9-a8f1-b1b1ff1d426c""}",2026-03-26T23:38:12.713646389Z
"2026-03-26 23:39:24,500 [INFO]   [XRP] S1 SIGNAL: direction=NO @ 80.50%",info,"{""level"":""info""}","{""project"":""9409ddfa-0500-48ff-b3fa-e3db90fa1091"",""environment"":""e228329a-f513-4199-919b-76d15d46ec8e"",""service"":""8bd636f2-4dab-4d92-918b-b4bccb53fa9c"",""deployment"":""94032a27-ad79-4bca-90c0-521b01485e42"",""replica"":""7c97fd6b-8e71-46a9-a8f1-b1b1ff1d426c""}",2026-03-26T23:39:33.040455528Z
"2026-03-26 23:39:24,500 [INFO]   PEER DIVERGENCE 3v1: 3 DOWN ['ETH', 'SOL', 'XRP'] — BTC going UP",info,"{""level"":""info""}","{""project"":""9409ddfa-0500-48ff-b3fa-e3db90fa1091"",""environment"":""e228329a-f513-4199-919b-76d15d46ec8e"",""service"":""8bd636f2-4dab-4d92-918b-b4bccb53fa9c"",""deployment"":""94032a27-ad79-4bca-90c0-521b01485e42"",""replica"":""7c97fd6b-8e71-46a9-a8f1-b1b1ff1d426c""}",2026-03-26T23:39:33.040462402Z
"2026-03-26 23:39:24,524 [INFO]   PEER S2: BTC NO @ 40.50% — not in range (2%-10%)",info,"{""level"":""info""}","{""project"":""9409ddfa-0500-48ff-b3fa-e3db90fa1091"",""environment"":""e228329a-f513-4199-919b-76d15d46ec8e"",""service"":""8bd636f2-4dab-4d92-918b-b4bccb53fa9c"",""deployment"":""94032a27-ad79-4bca-90c0-521b01485e42"",""replica"":""7c97fd6b-8e71-46a9-a8f1-b1b1ff1d426c""}",2026-03-26T23:39:33.040469464Z
"2026-03-26 23:39:56,835 [INFO]   [BTC] VOL: cycle complete — pump then dump (peak 80.50% → 43.50%)",info,"{""level"":""info""}","{""project"":""9409ddfa-0500-48ff-b3fa-e3db90fa1091"",""environment"":""e228329a-f513-4199-919b-76d15d46ec8e"",""service"":""8bd636f2-4dab-4d92-918b-b4bccb53fa9c"",""deployment"":""94032a27-ad79-4bca-90c0-521b01485e42"",""replica"":""7c97fd6b-8e71-46a9-a8f1-b1b1ff1d426c""}",2026-03-26T23:40:02.783264838Z
"2026-03-26 23:39:56,879 [INFO]   [BTC] VOLATILE — checking S2 cheap buy (YES=43.50%, NO=56.50%)",info,"{""level"":""info""}","{""project"":""9409ddfa-0500-48ff-b3fa-e3db90fa1091"",""environment"":""e228329a-f513-4199-919b-76d15d46ec8e"",""service"":""8bd636f2-4dab-4d92-918b-b4bccb53fa9c"",""deployment"":""94032a27-ad79-4bca-90c0-521b01485e42"",""replica"":""7c97fd6b-8e71-46a9-a8f1-b1b1ff1d426c""}",2026-03-26T23:40:02.783274717Z
"2026-03-26 23:39:56,879 [INFO]   [BTC] S2: no cheap side found — skipping window",info,"{""level"":""info""}","{""project"":""9409ddfa-0500-48ff-b3fa-e3db90fa1091"",""environment"":""e228329a-f513-4199-919b-76d15d46ec8e"",""service"":""8bd636f2-4dab-4d92-918b-b4bccb53fa9c"",""deployment"":""94032a27-ad79-4bca-90c0-521b01485e42"",""replica"":""7c97fd6b-8e71-46a9-a8f1-b1b1ff1d426c""}",2026-03-26T23:40:02.783280035Z
"2026-03-26 23:44:22,963 [INFO]   [XRP] VOL: dump leg done (base 35.50% → 0.50%)",info,"{""level"":""info""}","{""project"":""9409ddfa-0500-48ff-b3fa-e3db90fa1091"",""environment"":""e228329a-f513-4199-919b-76d15d46ec8e"",""service"":""8bd636f2-4dab-4d92-918b-b4bccb53fa9c"",""deployment"":""94032a27-ad79-4bca-90c0-521b01485e42"",""replica"":""7c97fd6b-8e71-46a9-a8f1-b1b1ff1d426c""}",2026-03-26T23:44:25.876248228Z
"2026-03-26 23:50:16,324 [INFO]   [XRP] S1 SIGNAL: direction=YES @ 80.50%",info,"{""level"":""info""}","{""project"":""9409ddfa-0500-48ff-b3fa-e3db90fa1091"",""environment"":""e228329a-f513-4199-919b-76d15d46ec8e"",""service"":""8bd636f2-4dab-4d92-918b-b4bccb53fa9c"",""deployment"":""94032a27-ad79-4bca-90c0-521b01485e42"",""replica"":""7c97fd6b-8e71-46a9-a8f1-b1b1ff1d426c""}",2026-03-26T23:50:19.874558149Z
"2026-03-26 23:50:34,817 [INFO]   [BTC] S1 SIGNAL: direction=YES @ 80.50%",info,"{""level"":""info""}","{""project"":""9409ddfa-0500-48ff-b3fa-e3db90fa1091"",""environment"":""e228329a-f513-4199-919b-76d15d46ec8e"",""service"":""8bd636f2-4dab-4d92-918b-b4bccb53fa9c"",""deployment"":""94032a27-ad79-4bca-90c0-521b01485e42"",""replica"":""7c97fd6b-8e71-46a9-a8f1-b1b1ff1d426c""}",2026-03-26T23:50:39.701942428Z
"2026-03-26 23:50:34,899 [INFO]   [ETH] S1 SIGNAL: direction=YES @ 80.50%",info,"{""level"":""info""}","{""project"":""9409ddfa-0500-48ff-b3fa-e3db90fa1091"",""environment"":""e228329a-f513-4199-919b-76d15d46ec8e"",""service"":""8bd636f2-4dab-4d92-918b-b4bccb53fa9c"",""deployment"":""94032a27-ad79-4bca-90c0-521b01485e42"",""replica"":""7c97fd6b-8e71-46a9-a8f1-b1b1ff1d426c""}",2026-03-26T23:50:39.701950977Z
"2026-03-26 23:52:03,438 [INFO]   [SOL] S1 SIGNAL: direction=YES @ 78.50%",info,"{""level"":""info""}","{""project"":""9409ddfa-0500-48ff-b3fa-e3db90fa1091"",""environment"":""e228329a-f513-4199-919b-76d15d46ec8e"",""service"":""8bd636f2-4dab-4d92-918b-b4bccb53fa9c"",""deployment"":""94032a27-ad79-4bca-90c0-521b01485e42"",""replica"":""7c97fd6b-8e71-46a9-a8f1-b1b1ff1d426c""}",2026-03-26T23:52:10.220619829Z
"2026-03-26 23:53:41,427 [INFO]   [SOL] VOL: pump leg done (base 56.00% → 91.00%)",info,"{""level"":""info""}","{""project"":""9409ddfa-0500-48ff-b3fa-e3db90fa1091"",""environment"":""e228329a-f513-4199-919b-76d15d46ec8e"",""service"":""8bd636f2-4dab-4d92-918b-b4bccb53fa9c"",""deployment"":""94032a27-ad79-4bca-90c0-521b01485e42"",""replica"":""7c97fd6b-8e71-46a9-a8f1-b1b1ff1d426c""}",2026-03-26T23:53:50.369730606Z
"2026-03-27 00:06:18,810 [INFO]   [ETH] S1 SIGNAL: direction=YES @ 78.50%",info,"{""level"":""info""}","{""project"":""9409ddfa-0500-48ff-b3fa-e3db90fa1091"",""environment"":""e228329a-f513-4199-919b-76d15d46ec8e"",""service"":""8bd636f2-4dab-4d92-918b-b4bccb53fa9c"",""deployment"":""94032a27-ad79-4bca-90c0-521b01485e42"",""replica"":""7c97fd6b-8e71-46a9-a8f1-b1b1ff1d426c""}",2026-03-27T00:06:24.893132701Z
"2026-03-27 00:06:21,301 [INFO]   [XRP] S1 SIGNAL: direction=YES @ 78.50%",info,"{""level"":""info""}","{""project"":""9409ddfa-0500-48ff-b3fa-e3db90fa1091"",""environment"":""e228329a-f513-4199-919b-76d15d46ec8e"",""service"":""8bd636f2-4dab-4d92-918b-b4bccb53fa9c"",""deployment"":""94032a27-ad79-4bca-90c0-521b01485e42"",""replica"":""7c97fd6b-8e71-46a9-a8f1-b1b1ff1d426c""}",2026-03-27T00:06:24.893138012Z
"2026-03-27 00:06:39,792 [INFO]   [SOL] VOL: pump leg done (base 34.00% → 69.50%)",info,"{""level"":""info""}","{""project"":""9409ddfa-0500-48ff-b3fa-e3db90fa1091"",""environment"":""e228329a-f513-4199-919b-76d15d46ec8e"",""service"":""8bd636f2-4dab-4d92-918b-b4bccb53fa9c"",""deployment"":""94032a27-ad79-4bca-90c0-521b01485e42"",""replica"":""7c97fd6b-8e71-46a9-a8f1-b1b1ff1d426c""}",2026-03-27T00:06:44.910070328Z
"2026-03-27 00:07:09,873 [INFO]   [BTC] VOL: pump leg done (base 30.50% → 68.50%)",info,"{""level"":""info""}","{""project"":""9409ddfa-0500-48ff-b3fa-e3db90fa1091"",""environment"":""e228329a-f513-4199-919b-76d15d46ec8e"",""service"":""8bd636f2-4dab-4d92-918b-b4bccb53fa9c"",""deployment"":""94032a27-ad79-4bca-90c0-521b01485e42"",""replica"":""7c97fd6b-8e71-46a9-a8f1-b1b1ff1d426c""}",2026-03-27T00:07:14.916464894Z
"2026-03-27 00:08:33,639 [INFO]   [ETH] VOL: pump leg done (base 58.50% → 93.50%)",info,"{""level"":""info""}","{""project"":""9409ddfa-0500-48ff-b3fa-e3db90fa1091"",""environment"":""e228329a-f513-4199-919b-76d15d46ec8e"",""service"":""8bd636f2-4dab-4d92-918b-b4bccb53fa9c"",""deployment"":""94032a27-ad79-4bca-90c0-521b01485e42"",""replica"":""7c97fd6b-8e71-46a9-a8f1-b1b1ff1d426c""}",2026-03-27T00:08:35.272801596Z
"2026-03-27 00:08:42,885 [INFO]   [BTC] S1 SIGNAL: direction=YES @ 80.50%",info,"{""level"":""info""}","{""project"":""9409ddfa-0500-48ff-b3fa-e3db90fa1091"",""environment"":""e228329a-f513-4199-919b-76d15d46ec8e"",""service"":""8bd636f2-4dab-4d92-918b-b4bccb53fa9c"",""deployment"":""94032a27-ad79-4bca-90c0-521b01485e42"",""replica"":""7c97fd6b-8e71-46a9-a8f1-b1b1ff1d426c""}",2026-03-27T00:08:42.886856206Z
"2026-03-27 00:08:56,955 [INFO]   [SOL] S1 SIGNAL: direction=YES @ 78.50%",info,"{""level"":""info""}","{""project"":""9409ddfa-0500-48ff-b3fa-e3db90fa1091"",""environment"":""e228329a-f513-4199-919b-76d15d46ec8e"",""service"":""8bd636f2-4dab-4d92-918b-b4bccb53fa9c"",""deployment"":""94032a27-ad79-4bca-90c0-521b01485e42"",""replica"":""7c97fd6b-8e71-46a9-a8f1-b1b1ff1d426c""}",2026-03-27T00:09:02.888944514Z
"2026-03-27 00:11:00,240 [INFO]   [XRP] VOL: pump leg done (base 58.50% → 93.50%)",info,"{""level"":""info""}","{""project"":""9409ddfa-0500-48ff-b3fa-e3db90fa1091"",""environment"":""e228329a-f513-4199-919b-76d15d46ec8e"",""service"":""8bd636f2-4dab-4d92-918b-b4bccb53fa9c"",""deployment"":""94032a27-ad79-4bca-90c0-521b01485e42"",""replica"":""7c97fd6b-8e71-46a9-a8f1-b1b1ff1d426c""}",2026-03-27T00:11:04.364291302Z
"2026-03-27 00:20:19,506 [INFO]   [ETH] S1 SIGNAL: direction=NO @ 81.50%",info,"{""level"":""info""}","{""project"":""9409ddfa-0500-48ff-b3fa-e3db90fa1091"",""environment"":""e228329a-f513-4199-919b-76d15d46ec8e"",""service"":""8bd636f2-4dab-4d92-918b-b4bccb53fa9c"",""deployment"":""94032a27-ad79-4bca-90c0-521b01485e42"",""replica"":""7c97fd6b-8e71-46a9-a8f1-b1b1ff1d426c""}",2026-03-27T00:20:19.714428048Z
"2026-03-27 00:20:21,754 [INFO]   [BTC] S1 SIGNAL: direction=NO @ 81.50%",info,"{""level"":""info""}","{""project"":""9409ddfa-0500-48ff-b3fa-e3db90fa1091"",""environment"":""e228329a-f513-4199-919b-76d15d46ec8e"",""service"":""8bd636f2-4dab-4d92-918b-b4bccb53fa9c"",""deployment"":""94032a27-ad79-4bca-90c0-521b01485e42"",""replica"":""7c97fd6b-8e71-46a9-a8f1-b1b1ff1d426c""}",2026-03-27T00:20:21.760772301Z
"2026-03-27 00:20:21,870 [INFO]   [SOL] S1 SIGNAL: direction=NO @ 81.50%",info,"{""level"":""info""}","{""project"":""9409ddfa-0500-48ff-b3fa-e3db90fa1091"",""environment"":""e228329a-f513-4199-919b-76d15d46ec8e"",""service"":""8bd636f2-4dab-4d92-918b-b4bccb53fa9c"",""deployment"":""94032a27-ad79-4bca-90c0-521b01485e42"",""replica"":""7c97fd6b-8e71-46a9-a8f1-b1b1ff1d426c""}",2026-03-27T00:20:21.877330986Z
"2026-03-27 00:20:24,234 [INFO]   [XRP] S1 SIGNAL: direction=NO @ 82.50%",info,"{""level"":""info""}","{""project"":""9409ddfa-0500-48ff-b3fa-e3db90fa1091"",""environment"":""e228329a-f513-4199-919b-76d15d46ec8e"",""service"":""8bd636f2-4dab-4d92-918b-b4bccb53fa9c"",""deployment"":""94032a27-ad79-4bca-90c0-521b01485e42"",""replica"":""7c97fd6b-8e71-46a9-a8f1-b1b1ff1d426c""}",2026-03-27T00:20:24.252946397Z
"2026-03-27 00:22:56,109 [INFO]   [BTC] VOL: dump leg done (base 39.50% → 4.50%)",info,"{""level"":""info""}","{""project"":""9409ddfa-0500-48ff-b3fa-e3db90fa1091"",""environment"":""e228329a-f513-4199-919b-76d15d46ec8e"",""service"":""8bd636f2-4dab-4d92-918b-b4bccb53fa9c"",""deployment"":""94032a27-ad79-4bca-90c0-521b01485e42"",""replica"":""7c97fd6b-8e71-46a9-a8f1-b1b1ff1d426c""}",2026-03-27T00:23:04.464776535Z
"2026-03-27 00:22:56,297 [INFO]   [XRP] VOL: dump leg done (base 38.50% → 3.50%)",info,"{""level"":""info""}","{""project"":""9409ddfa-0500-48ff-b3fa-e3db90fa1091"",""environment"":""e228329a-f513-4199-919b-76d15d46ec8e"",""service"":""8bd636f2-4dab-4d92-918b-b4bccb53fa9c"",""deployment"":""94032a27-ad79-4bca-90c0-521b01485e42"",""replica"":""7c97fd6b-8e71-46a9-a8f1-b1b1ff1d426c""}",2026-03-27T00:23:04.464780889Z
"2026-03-27 00:35:57,924 [INFO]   [BTC] S1 SIGNAL: direction=NO @ 78.50%",info,"{""level"":""info""}","{""project"":""9409ddfa-0500-48ff-b3fa-e3db90fa1091"",""environment"":""e228329a-f513-4199-919b-76d15d46ec8e"",""service"":""8bd636f2-4dab-4d92-918b-b4bccb53fa9c"",""deployment"":""94032a27-ad79-4bca-90c0-521b01485e42"",""replica"":""7c97fd6b-8e71-46a9-a8f1-b1b1ff1d426c""}",2026-03-27T00:35:59.630446859Z
"2026-03-27 00:37:27,560 [INFO]   [BTC] VOL: dump leg done (base 50.00% → 11.50%)",info,"{""level"":""info""}","{""project"":""9409ddfa-0500-48ff-b3fa-e3db90fa1091"",""environment"":""e228329a-f513-4199-919b-76d15d46ec8e"",""service"":""8bd636f2-4dab-4d92-918b-b4bccb53fa9c"",""deployment"":""94032a27-ad79-4bca-90c0-521b01485e42"",""replica"":""7c97fd6b-8e71-46a9-a8f1-b1b1ff1d426c""}",2026-03-27T00:37:29.765000697Z
"2026-03-27 00:37:27,648 [INFO]   [ETH] VOL: dump leg done (base 68.50% → 31.50%)",info,"{""level"":""info""}","{""project"":""9409ddfa-0500-48ff-b3fa-e3db90fa1091"",""environment"":""e228329a-f513-4199-919b-76d15d46ec8e"",""service"":""8bd636f2-4dab-4d92-918b-b4bccb53fa9c"",""deployment"":""94032a27-ad79-4bca-90c0-521b01485e42"",""replica"":""7c97fd6b-8e71-46a9-a8f1-b1b1ff1d426c""}",2026-03-27T00:37:29.765005842Z
"2026-03-27 00:37:30,219 [INFO]   [XRP] VOL: dump leg done (base 64.00% → 28.50%)",info,"{""level"":""info""}","{""project"":""9409ddfa-0500-48ff-b3fa-e3db90fa1091"",""environment"":""e228329a-f513-4199-919b-76d15d46ec8e"",""service"":""8bd636f2-4dab-4d92-918b-b4bccb53fa9c"",""deployment"":""94032a27-ad79-4bca-90c0-521b01485e42"",""replica"":""7c97fd6b-8e71-46a9-a8f1-b1b1ff1d426c""}",2026-03-27T00:37:30.223351071Z
"2026-03-27 00:37:51,421 [INFO]   [ETH] S1 SIGNAL: direction=NO @ 81.50%",info,"{""level"":""info""}","{""project"":""9409ddfa-0500-48ff-b3fa-e3db90fa1091"",""environment"":""e228329a-f513-4199-919b-76d15d46ec8e"",""service"":""8bd636f2-4dab-4d92-918b-b4bccb53fa9c"",""deployment"":""94032a27-ad79-4bca-90c0-521b01485e42"",""replica"":""7c97fd6b-8e71-46a9-a8f1-b1b1ff1d426c""}",2026-03-27T00:38:00.221822180Z
"2026-03-27 00:37:51,446 [INFO]   [SOL] VOL: dump leg done (base 65.50% → 23.50%)",info,"{""level"":""info""}","{""project"":""9409ddfa-0500-48ff-b3fa-e3db90fa1091"",""environment"":""e228329a-f513-4199-919b-76d15d46ec8e"",""service"":""8bd636f2-4dab-4d92-918b-b4bccb53fa9c"",""deployment"":""94032a27-ad79-4bca-90c0-521b01485e42"",""replica"":""7c97fd6b-8e71-46a9-a8f1-b1b1ff1d426c""}",2026-03-27T00:38:00.221829219Z
"2026-03-27 00:37:51,575 [INFO]   [XRP] S1 SIGNAL: direction=NO @ 81.00%",info,"{""level"":""info""}","{""project"":""9409ddfa-0500-48ff-b3fa-e3db90fa1091"",""environment"":""e228329a-f513-4199-919b-76d15d46ec8e"",""service"":""8bd636f2-4dab-4d92-918b-b4bccb53fa9c"",""deployment"":""94032a27-ad79-4bca-90c0-521b01485e42"",""replica"":""7c97fd6b-8e71-46a9-a8f1-b1b1ff1d426c""}",2026-03-27T00:38:00.221832909Z
"2026-03-27 00:38:01,017 [INFO]   [SOL] S1 SIGNAL: direction=NO @ 78.50%",info,"{""level"":""info""}","{""project"":""9409ddfa-0500-48ff-b3fa-e3db90fa1091"",""environment"":""e228329a-f513-4199-919b-76d15d46ec8e"",""service"":""8bd636f2-4dab-4d92-918b-b4bccb53fa9c"",""deployment"":""94032a27-ad79-4bca-90c0-521b01485e42"",""replica"":""7c97fd6b-8e71-46a9-a8f1-b1b1ff1d426c""}",2026-03-27T00:38:01.028399188Z
"2026-03-27 00:40:34,254 [INFO]   [ETH] VOLATILE — checking S2 cheap buy (YES=53.50%, NO=46.50%)",info,"{""level"":""info""}","{""project"":""9409ddfa-0500-48ff-b3fa-e3db90fa1091"",""environment"":""e228329a-f513-4199-919b-76d15d46ec8e"",""service"":""8bd636f2-4dab-4d92-918b-b4bccb53fa9c"",""deployment"":""94032a27-ad79-4bca-90c0-521b01485e42"",""replica"":""7c97fd6b-8e71-46a9-a8f1-b1b1ff1d426c""}",2026-03-27T00:40:41.157107584Z
"2026-03-27 00:40:34,255 [INFO]   [ETH] S2: no cheap side found — skipping window",info,"{""level"":""info""}","{""project"":""9409ddfa-0500-48ff-b3fa-e3db90fa1091"",""environment"":""e228329a-f513-4199-919b-76d15d46ec8e"",""service"":""8bd636f2-4dab-4d92-918b-b4bccb53fa9c"",""deployment"":""94032a27-ad79-4bca-90c0-521b01485e42"",""replica"":""7c97fd6b-8e71-46a9-a8f1-b1b1ff1d426c""}",2026-03-27T00:40:41.157114269Z
"2026-03-27 00:40:34,200 [INFO]   [ETH] VOL: cycle complete — dump then pump (trough 16.50% → 53.50%)",info,"{""level"":""info""}","{""project"":""9409ddfa-0500-48ff-b3fa-e3db90fa1091"",""environment"":""e228329a-f513-4199-919b-76d15d46ec8e"",""service"":""8bd636f2-4dab-4d92-918b-b4bccb53fa9c"",""deployment"":""94032a27-ad79-4bca-90c0-521b01485e42"",""replica"":""7c97fd6b-8e71-46a9-a8f1-b1b1ff1d426c""}",2026-03-27T00:40:41.157129599Z
"2026-03-27 00:40:41,231 [INFO]   [SOL] VOL: cycle complete — dump then pump (trough 20.50% → 72.50%)",info,"{""level"":""info""}","{""project"":""9409ddfa-0500-48ff-b3fa-e3db90fa1091"",""environment"":""e228329a-f513-4199-919b-76d15d46ec8e"",""service"":""8bd636f2-4dab-4d92-918b-b4bccb53fa9c"",""deployment"":""94032a27-ad79-4bca-90c0-521b01485e42"",""replica"":""7c97fd6b-8e71-46a9-a8f1-b1b1ff1d426c""}",2026-03-27T00:40:41.235721756Z
"2026-03-27 00:40:41,283 [INFO]   [SOL] VOLATILE — checking S2 cheap buy (YES=72.50%, NO=27.50%)",info,"{""level"":""info""}","{""project"":""9409ddfa-0500-48ff-b3fa-e3db90fa1091"",""environment"":""e228329a-f513-4199-919b-76d15d46ec8e"",""service"":""8bd636f2-4dab-4d92-918b-b4bccb53fa9c"",""deployment"":""94032a27-ad79-4bca-90c0-521b01485e42"",""replica"":""7c97fd6b-8e71-46a9-a8f1-b1b1ff1d426c""}",2026-03-27T00:40:41.301034118Z
"2026-03-27 00:40:41,283 [INFO]   [SOL] S2: no cheap side found — skipping window",info,"{""level"":""info""}","{""project"":""9409ddfa-0500-48ff-b3fa-e3db90fa1091"",""environment"":""e228329a-f513-4199-919b-76d15d46ec8e"",""service"":""8bd636f2-4dab-4d92-918b-b4bccb53fa9c"",""deployment"":""94032a27-ad79-4bca-90c0-521b01485e42"",""replica"":""7c97fd6b-8e71-46a9-a8f1-b1b1ff1d426c""}",2026-03-27T00:40:41.301042827Z
"2026-03-27 00:40:41,310 [INFO]   [XRP] VOL: cycle complete — dump then pump (trough 11.50% → 54.50%)",info,"{""level"":""info""}","{""project"":""9409ddfa-0500-48ff-b3fa-e3db90fa1091"",""environment"":""e228329a-f513-4199-919b-76d15d46ec8e"",""service"":""8bd636f2-4dab-4d92-918b-b4bccb53fa9c"",""deployment"":""94032a27-ad79-4bca-90c0-521b01485e42"",""replica"":""7c97fd6b-8e71-46a9-a8f1-b1b1ff1d426c""}",2026-03-27T00:40:41.315484118Z
"2026-03-27 00:40:41,358 [INFO]   [XRP] VOLATILE — checking S2 cheap buy (YES=54.50%, NO=45.50%)",info,"{""level"":""info""}","{""project"":""9409ddfa-0500-48ff-b3fa-e3db90fa1091"",""environment"":""e228329a-f513-4199-919b-76d15d46ec8e"",""service"":""8bd636f2-4dab-4d92-918b-b4bccb53fa9c"",""deployment"":""94032a27-ad79-4bca-90c0-521b01485e42"",""replica"":""7c97fd6b-8e71-46a9-a8f1-b1b1ff1d426c""}",2026-03-27T00:40:41.361882012Z
"2026-03-27 00:40:41,359 [INFO]   [XRP] S2: no cheap side found — skipping window",info,"{""level"":""info""}","{""project"":""9409ddfa-0500-48ff-b3fa-e3db90fa1091"",""environment"":""e228329a-f513-4199-919b-76d15d46ec8e"",""service"":""8bd636f2-4dab-4d92-918b-b4bccb53fa9c"",""deployment"":""94032a27-ad79-4bca-90c0-521b01485e42"",""replica"":""7c97fd6b-8e71-46a9-a8f1-b1b1ff1d426c""}",2026-03-27T00:40:41.361887791Z
"2026-03-27 00:40:43,429 [INFO]   [BTC] VOL: cycle complete — dump then pump (trough 3.50% → 64.00%)",info,"{""level"":""info""}","{""project"":""9409ddfa-0500-48ff-b3fa-e3db90fa1091"",""environment"":""e228329a-f513-4199-919b-76d15d46ec8e"",""service"":""8bd636f2-4dab-4d92-918b-b4bccb53fa9c"",""deployment"":""94032a27-ad79-4bca-90c0-521b01485e42"",""replica"":""7c97fd6b-8e71-46a9-a8f1-b1b1ff1d426c""}",2026-03-27T00:40:43.434213550Z
"2026-03-27 00:40:43,480 [INFO]   [BTC] VOLATILE — checking S2 cheap buy (YES=63.50%, NO=38.50%)",info,"{""level"":""info""}","{""project"":""9409ddfa-0500-48ff-b3fa-e3db90fa1091"",""environment"":""e228329a-f513-4199-919b-76d15d46ec8e"",""service"":""8bd636f2-4dab-4d92-918b-b4bccb53fa9c"",""deployment"":""94032a27-ad79-4bca-90c0-521b01485e42"",""replica"":""7c97fd6b-8e71-46a9-a8f1-b1b1ff1d426c""}",2026-03-27T00:40:43.482430639Z
"2026-03-27 00:40:43,480 [INFO]   [BTC] S2: no cheap side found — skipping window",info,"{""level"":""info""}","{""project"":""9409ddfa-0500-48ff-b3fa-e3db90fa1091"",""environment"":""e228329a-f513-4199-919b-76d15d46ec8e"",""service"":""8bd636f2-4dab-4d92-918b-b4bccb53fa9c"",""deployment"":""94032a27-ad79-4bca-90c0-521b01485e42"",""replica"":""7c97fd6b-8e71-46a9-a8f1-b1b1ff1d426c""}",2026-03-27T00:40:43.482437828Z
"2026-03-27 00:52:48,616 [INFO]   [SOL] VOL: pump leg done (base 40.50% → 77.50%)",info,"{""level"":""info""}","{""project"":""9409ddfa-0500-48ff-b3fa-e3db90fa1091"",""environment"":""e228329a-f513-4199-919b-76d15d46ec8e"",""service"":""8bd636f2-4dab-4d92-918b-b4bccb53fa9c"",""deployment"":""94032a27-ad79-4bca-90c0-521b01485e42"",""replica"":""7c97fd6b-8e71-46a9-a8f1-b1b1ff1d426c""}",2026-03-27T00:52:48.733140609Z
"2026-03-27 00:52:39,189 [INFO]   [XRP] VOL: pump leg done (base 42.50% → 78.50%)",info,"{""level"":""info""}","{""project"":""9409ddfa-0500-48ff-b3fa-e3db90fa1091"",""environment"":""e228329a-f513-4199-919b-76d15d46ec8e"",""service"":""8bd636f2-4dab-4d92-918b-b4bccb53fa9c"",""deployment"":""94032a27-ad79-4bca-90c0-521b01485e42"",""replica"":""7c97fd6b-8e71-46a9-a8f1-b1b1ff1d426c""}",2026-03-27T00:52:48.733220084Z
"2026-03-27 00:52:39,248 [INFO]   [XRP] S1 SIGNAL: direction=YES @ 78.50%",info,"{""level"":""info""}","{""project"":""9409ddfa-0500-48ff-b3fa-e3db90fa1091"",""environment"":""e228329a-f513-4199-919b-76d15d46ec8e"",""service"":""8bd636f2-4dab-4d92-918b-b4bccb53fa9c"",""deployment"":""94032a27-ad79-4bca-90c0-521b01485e42"",""replica"":""7c97fd6b-8e71-46a9-a8f1-b1b1ff1d426c""}",2026-03-27T00:52:48.733224999Z
"2026-03-27 00:52:48,465 [INFO]   [ETH] VOL: pump leg done (base 41.50% → 78.50%)",info,"{""level"":""info""}","{""project"":""9409ddfa-0500-48ff-b3fa-e3db90fa1091"",""environment"":""e228329a-f513-4199-919b-76d15d46ec8e"",""service"":""8bd636f2-4dab-4d92-918b-b4bccb53fa9c"",""deployment"":""94032a27-ad79-4bca-90c0-521b01485e42"",""replica"":""7c97fd6b-8e71-46a9-a8f1-b1b1ff1d426c""}",2026-03-27T00:52:48.733229638Z
"2026-03-27 00:52:48,565 [INFO]   [ETH] S1 SIGNAL: direction=YES @ 78.50%",info,"{""level"":""info""}","{""project"":""9409ddfa-0500-48ff-b3fa-e3db90fa1091"",""environment"":""e228329a-f513-4199-919b-76d15d46ec8e"",""service"":""8bd636f2-4dab-4d92-918b-b4bccb53fa9c"",""deployment"":""94032a27-ad79-4bca-90c0-521b01485e42"",""replica"":""7c97fd6b-8e71-46a9-a8f1-b1b1ff1d426c""}",2026-03-27T00:52:48.733234235Z
"2026-03-27 00:52:50,990 [INFO]   [SOL] S1 SIGNAL: direction=YES @ 78.50%",info,"{""level"":""info""}","{""project"":""9409ddfa-0500-48ff-b3fa-e3db90fa1091"",""environment"":""e228329a-f513-4199-919b-76d15d46ec8e"",""service"":""8bd636f2-4dab-4d92-918b-b4bccb53fa9c"",""deployment"":""94032a27-ad79-4bca-90c0-521b01485e42"",""replica"":""7c97fd6b-8e71-46a9-a8f1-b1b1ff1d426c""}",2026-03-27T00:52:50.997304740Z
"2026-03-27 00:53:02,510 [INFO]   [BTC] VOL: pump leg done (base 26.50% → 63.50%)",info,"{""level"":""info""}","{""project"":""9409ddfa-0500-48ff-b3fa-e3db90fa1091"",""environment"":""e228329a-f513-4199-919b-76d15d46ec8e"",""service"":""8bd636f2-4dab-4d92-918b-b4bccb53fa9c"",""deployment"":""94032a27-ad79-4bca-90c0-521b01485e42"",""replica"":""7c97fd6b-8e71-46a9-a8f1-b1b1ff1d426c""}",2026-03-27T00:53:11.007625237Z
"2026-03-27 00:55:50,594 [INFO]   [BTC] S1 SIGNAL: direction=YES @ 79.50%",info,"{""level"":""info""}","{""project"":""9409ddfa-0500-48ff-b3fa-e3db90fa1091"",""environment"":""e228329a-f513-4199-919b-76d15d46ec8e"",""service"":""8bd636f2-4dab-4d92-918b-b4bccb53fa9c"",""deployment"":""94032a27-ad79-4bca-90c0-521b01485e42"",""replica"":""7c97fd6b-8e71-46a9-a8f1-b1b1ff1d426c""}",2026-03-27T00:55:51.188408661Z
"2026-03-27 01:07:32,392 [INFO]   [BTC] S1 SIGNAL: direction=NO @ 80.50%",info,"{""level"":""info""}","{""project"":""9409ddfa-0500-48ff-b3fa-e3db90fa1091"",""environment"":""e228329a-f513-4199-919b-76d15d46ec8e"",""service"":""8bd636f2-4dab-4d92-918b-b4bccb53fa9c"",""deployment"":""94032a27-ad79-4bca-90c0-521b01485e42"",""replica"":""7c97fd6b-8e71-46a9-a8f1-b1b1ff1d426c""}",2026-03-27T01:07:35.076515547Z
"2026-03-27 01:08:40,426 [INFO]   [SOL] S1 SIGNAL: direction=NO @ 78.50%",info,"{""level"":""info""}","{""project"":""9409ddfa-0500-48ff-b3fa-e3db90fa1091"",""environment"":""e228329a-f513-4199-919b-76d15d46ec8e"",""service"":""8bd636f2-4dab-4d92-918b-b4bccb53fa9c"",""deployment"":""94032a27-ad79-4bca-90c0-521b01485e42"",""replica"":""7c97fd6b-8e71-46a9-a8f1-b1b1ff1d426c""}",2026-03-27T01:08:44.862475947Z
"2026-03-27 01:08:40,521 [INFO]   [XRP] S1 SIGNAL: direction=NO @ 78.00%",info,"{""level"":""info""}","{""project"":""9409ddfa-0500-48ff-b3fa-e3db90fa1091"",""environment"":""e228329a-f513-4199-919b-76d15d46ec8e"",""service"":""8bd636f2-4dab-4d92-918b-b4bccb53fa9c"",""deployment"":""94032a27-ad79-4bca-90c0-521b01485e42"",""replica"":""7c97fd6b-8e71-46a9-a8f1-b1b1ff1d426c""}",2026-03-27T01:08:44.862481091Z
"2026-03-27 01:09:47,759 [INFO]   [ETH] S1 SIGNAL: direction=YES @ 78.50%",info,"{""level"":""info""}","{""project"":""9409ddfa-0500-48ff-b3fa-e3db90fa1091"",""environment"":""e228329a-f513-4199-919b-76d15d46ec8e"",""service"":""8bd636f2-4dab-4d92-918b-b4bccb53fa9c"",""deployment"":""94032a27-ad79-4bca-90c0-521b01485e42"",""replica"":""7c97fd6b-8e71-46a9-a8f1-b1b1ff1d426c""}",2026-03-27T01:09:55.183843519Z
"2026-03-27 01:09:47,760 [INFO]   PEER DIVERGENCE 3v1: 3 DOWN ['BTC', 'SOL', 'XRP'] — ETH going UP",info,"{""level"":""info""}","{""project"":""9409ddfa-0500-48ff-b3fa-e3db90fa1091"",""environment"":""e228329a-f513-4199-919b-76d15d46ec8e"",""service"":""8bd636f2-4dab-4d92-918b-b4bccb53fa9c"",""deployment"":""94032a27-ad79-4bca-90c0-521b01485e42"",""replica"":""7c97fd6b-8e71-46a9-a8f1-b1b1ff1d426c""}",2026-03-27T01:09:55.183850205Z
"2026-03-27 01:09:47,780 [INFO]   PEER S2: ETH NO @ 21.50% — not in range (2%-10%)",info,"{""level"":""info""}","{""project"":""9409ddfa-0500-48ff-b3fa-e3db90fa1091"",""environment"":""e228329a-f513-4199-919b-76d15d46ec8e"",""service"":""8bd636f2-4dab-4d92-918b-b4bccb53fa9c"",""deployment"":""94032a27-ad79-4bca-90c0-521b01485e42"",""replica"":""7c97fd6b-8e71-46a9-a8f1-b1b1ff1d426c""}",2026-03-27T01:09:55.183858359Z
"2026-03-27 01:10:22,736 [INFO]   [ETH] VOL: pump leg done (base 57.50% → 92.50%)",info,"{""level"":""info""}","{""project"":""9409ddfa-0500-48ff-b3fa-e3db90fa1091"",""environment"":""e228329a-f513-4199-919b-76d15d46ec8e"",""service"":""8bd636f2-4dab-4d92-918b-b4bccb53fa9c"",""deployment"":""94032a27-ad79-4bca-90c0-521b01485e42"",""replica"":""7c97fd6b-8e71-46a9-a8f1-b1b1ff1d426c""}",2026-03-27T01:10:24.997848862Z
"2026-03-27 01:10:27,362 [INFO]   [BTC] VOL: pump leg done (base 45.50% → 81.50%)",info,"{""level"":""info""}","{""project"":""9409ddfa-0500-48ff-b3fa-e3db90fa1091"",""environment"":""e228329a-f513-4199-919b-76d15d46ec8e"",""service"":""8bd636f2-4dab-4d92-918b-b4bccb53fa9c"",""deployment"":""94032a27-ad79-4bca-90c0-521b01485e42"",""replica"":""7c97fd6b-8e71-46a9-a8f1-b1b1ff1d426c""}",2026-03-27T01:10:27.380956998Z
"2026-03-27 01:10:27,567 [INFO]   [XRP] VOL: pump leg done (base 53.00% → 88.00%)",info,"{""level"":""info""}","{""project"":""9409ddfa-0500-48ff-b3fa-e3db90fa1091"",""environment"":""e228329a-f513-4199-919b-76d15d46ec8e"",""service"":""8bd636f2-4dab-4d92-918b-b4bccb53fa9c"",""deployment"":""94032a27-ad79-4bca-90c0-521b01485e42"",""replica"":""7c97fd6b-8e71-46a9-a8f1-b1b1ff1d426c""}",2026-03-27T01:10:27.573506184Z
"2026-03-27 01:10:36,838 [INFO]   [SOL] VOL: pump leg done (base 53.50% → 90.50%)",info,"{""level"":""info""}","{""project"":""9409ddfa-0500-48ff-b3fa-e3db90fa1091"",""environment"":""e228329a-f513-4199-919b-76d15d46ec8e"",""service"":""8bd636f2-4dab-4d92-918b-b4bccb53fa9c"",""deployment"":""94032a27-ad79-4bca-90c0-521b01485e42"",""replica"":""7c97fd6b-8e71-46a9-a8f1-b1b1ff1d426c""}",2026-03-27T01:10:36.843213854Z
"2026-03-27 01:24:15,712 [INFO]   [BTC] S1 SIGNAL: direction=YES @ 82.50%",info,"{""level"":""info""}","{""project"":""9409ddfa-0500-48ff-b3fa-e3db90fa1091"",""environment"":""e228329a-f513-4199-919b-76d15d46ec8e"",""service"":""8bd636f2-4dab-4d92-918b-b4bccb53fa9c"",""deployment"":""94032a27-ad79-4bca-90c0-521b01485e42"",""replica"":""7c97fd6b-8e71-46a9-a8f1-b1b1ff1d426c""}",2026-03-27T01:24:23.941766186Z
"2026-03-27 01:24:18,144 [INFO]   [ETH] S1 SIGNAL: direction=YES @ 80.50%",info,"{""level"":""info""}","{""project"":""9409ddfa-0500-48ff-b3fa-e3db90fa1091"",""environment"":""e228329a-f513-4199-919b-76d15d46ec8e"",""service"":""8bd636f2-4dab-4d92-918b-b4bccb53fa9c"",""deployment"":""94032a27-ad79-4bca-90c0-521b01485e42"",""replica"":""7c97fd6b-8e71-46a9-a8f1-b1b1ff1d426c""}",2026-03-27T01:24:23.941773750Z
"2026-03-27 01:25:27,750 [INFO]   [BTC] VOL: pump leg done (base 54.00% → 89.50%)",info,"{""level"":""info""}","{""project"":""9409ddfa-0500-48ff-b3fa-e3db90fa1091"",""environment"":""e228329a-f513-4199-919b-76d15d46ec8e"",""service"":""8bd636f2-4dab-4d92-918b-b4bccb53fa9c"",""deployment"":""94032a27-ad79-4bca-90c0-521b01485e42"",""replica"":""7c97fd6b-8e71-46a9-a8f1-b1b1ff1d426c""}",2026-03-27T01:25:33.724697386Z
"2026-03-27 01:25:27,823 [INFO]   [ETH] VOL: pump leg done (base 50.50% → 86.50%)",info,"{""level"":""info""}","{""project"":""9409ddfa-0500-48ff-b3fa-e3db90fa1091"",""environment"":""e228329a-f513-4199-919b-76d15d46ec8e"",""service"":""8bd636f2-4dab-4d92-918b-b4bccb53fa9c"",""deployment"":""94032a27-ad79-4bca-90c0-521b01485e42"",""replica"":""7c97fd6b-8e71-46a9-a8f1-b1b1ff1d426c""}",2026-03-27T01:25:33.724704243Z
"2026-03-27 01:25:37,264 [INFO]   [XRP] S1 SIGNAL: direction=YES @ 81.00%",info,"{""level"":""info""}","{""project"":""9409ddfa-0500-48ff-b3fa-e3db90fa1091"",""environment"":""e228329a-f513-4199-919b-76d15d46ec8e"",""service"":""8bd636f2-4dab-4d92-918b-b4bccb53fa9c"",""deployment"":""94032a27-ad79-4bca-90c0-521b01485e42"",""replica"":""7c97fd6b-8e71-46a9-a8f1-b1b1ff1d426c""}",2026-03-27T01:25:37.503381301Z
"2026-03-27 01:25:39,524 [INFO]   [SOL] S1 SIGNAL: direction=YES @ 78.50%",info,"{""level"":""info""}","{""project"":""9409ddfa-0500-48ff-b3fa-e3db90fa1091"",""environment"":""e228329a-f513-4199-919b-76d15d46ec8e"",""service"":""8bd636f2-4dab-4d92-918b-b4bccb53fa9c"",""deployment"":""94032a27-ad79-4bca-90c0-521b01485e42"",""replica"":""7c97fd6b-8e71-46a9-a8f1-b1b1ff1d426c""}",2026-03-27T01:25:39.527595543Z
"2026-03-27 01:27:05,146 [INFO]   [SOL] VOL: pump leg done (base 52.50% → 90.50%)",info,"{""level"":""info""}","{""project"":""9409ddfa-0500-48ff-b3fa-e3db90fa1091"",""environment"":""e228329a-f513-4199-919b-76d15d46ec8e"",""service"":""8bd636f2-4dab-4d92-918b-b4bccb53fa9c"",""deployment"":""94032a27-ad79-4bca-90c0-521b01485e42"",""replica"":""7c97fd6b-8e71-46a9-a8f1-b1b1ff1d426c""}",2026-03-27T01:27:09.307094410Z
"2026-03-27 01:29:56,395 [INFO]   [XRP] VOL: dump leg done (base 62.50% → 19.50%)",info,"{""level"":""info""}","{""project"":""9409ddfa-0500-48ff-b3fa-e3db90fa1091"",""environment"":""e228329a-f513-4199-919b-76d15d46ec8e"",""service"":""8bd636f2-4dab-4d92-918b-b4bccb53fa9c"",""deployment"":""94032a27-ad79-4bca-90c0-521b01485e42"",""replica"":""7c97fd6b-8e71-46a9-a8f1-b1b1ff1d426c""}",2026-03-27T01:30:00.410944762Z
"2026-03-27 01:35:34,302 [INFO]   [ETH] S1 SIGNAL: direction=NO @ 79.50%",info,"{""level"":""info""}","{""project"":""9409ddfa-0500-48ff-b3fa-e3db90fa1091"",""environment"":""e228329a-f513-4199-919b-76d15d46ec8e"",""service"":""8bd636f2-4dab-4d92-918b-b4bccb53fa9c"",""deployment"":""94032a27-ad79-4bca-90c0-521b01485e42"",""replica"":""7c97fd6b-8e71-46a9-a8f1-b1b1ff1d426c""}",2026-03-27T01:35:42.266061787Z
"2026-03-27 01:37:07,323 [INFO]   [XRP] S1 SIGNAL: direction=NO @ 78.50%",info,"{""level"":""info""}","{""project"":""9409ddfa-0500-48ff-b3fa-e3db90fa1091"",""environment"":""e228329a-f513-4199-919b-76d15d46ec8e"",""service"":""8bd636f2-4dab-4d92-918b-b4bccb53fa9c"",""deployment"":""94032a27-ad79-4bca-90c0-521b01485e42"",""replica"":""7c97fd6b-8e71-46a9-a8f1-b1b1ff1d426c""}",2026-03-27T01:37:12.009528480Z
"2026-03-27 01:37:53,633 [INFO]   [BTC] S1 SIGNAL: direction=NO @ 78.50%",info,"{""level"":""info""}","{""project"":""9409ddfa-0500-48ff-b3fa-e3db90fa1091"",""environment"":""e228329a-f513-4199-919b-76d15d46ec8e"",""service"":""8bd636f2-4dab-4d92-918b-b4bccb53fa9c"",""deployment"":""94032a27-ad79-4bca-90c0-521b01485e42"",""replica"":""7c97fd6b-8e71-46a9-a8f1-b1b1ff1d426c""}",2026-03-27T01:38:02.021593979Z
"2026-03-27 01:37:53,770 [INFO]   [SOL] S1 SIGNAL: direction=NO @ 81.50%",info,"{""level"":""info""}","{""project"":""9409ddfa-0500-48ff-b3fa-e3db90fa1091"",""environment"":""e228329a-f513-4199-919b-76d15d46ec8e"",""service"":""8bd636f2-4dab-4d92-918b-b4bccb53fa9c"",""deployment"":""94032a27-ad79-4bca-90c0-521b01485e42"",""replica"":""7c97fd6b-8e71-46a9-a8f1-b1b1ff1d426c""}",2026-03-27T01:38:02.021602027Z
"2026-03-27 01:40:31,962 [INFO]   [SOL] VOL: dump leg done (base 42.00% → 6.50%)",info,"{""level"":""info""}","{""project"":""9409ddfa-0500-48ff-b3fa-e3db90fa1091"",""environment"":""e228329a-f513-4199-919b-76d15d46ec8e"",""service"":""8bd636f2-4dab-4d92-918b-b4bccb53fa9c"",""deployment"":""94032a27-ad79-4bca-90c0-521b01485e42"",""replica"":""7c97fd6b-8e71-46a9-a8f1-b1b1ff1d426c""}",2026-03-27T01:40:32.426861447Z
"2026-03-27 01:50:00,935 [INFO]   [BTC] S1 SIGNAL: direction=YES @ 78.50%",info,"{""level"":""info""}","{""project"":""9409ddfa-0500-48ff-b3fa-e3db90fa1091"",""environment"":""e228329a-f513-4199-919b-76d15d46ec8e"",""service"":""8bd636f2-4dab-4d92-918b-b4bccb53fa9c"",""deployment"":""94032a27-ad79-4bca-90c0-521b01485e42"",""replica"":""7c97fd6b-8e71-46a9-a8f1-b1b1ff1d426c""}",2026-03-27T01:50:05.537344776Z
"2026-03-27 01:50:54,680 [INFO]   [XRP] S1 SIGNAL: direction=YES @ 78.50%",info,"{""level"":""info""}","{""project"":""9409ddfa-0500-48ff-b3fa-e3db90fa1091"",""environment"":""e228329a-f513-4199-919b-76d15d46ec8e"",""service"":""8bd636f2-4dab-4d92-918b-b4bccb53fa9c"",""deployment"":""94032a27-ad79-4bca-90c0-521b01485e42"",""replica"":""7c97fd6b-8e71-46a9-a8f1-b1b1ff1d426c""}",2026-03-27T01:50:55.265205751Z
"2026-03-27 01:52:58,065 [INFO]   [ETH] VOL: dump leg done (base 69.50% → 34.50%)",info,"{""level"":""info""}","{""project"":""9409ddfa-0500-48ff-b3fa-e3db90fa1091"",""environment"":""e228329a-f513-4199-919b-76d15d46ec8e"",""service"":""8bd636f2-4dab-4d92-918b-b4bccb53fa9c"",""deployment"":""94032a27-ad79-4bca-90c0-521b01485e42"",""replica"":""7c97fd6b-8e71-46a9-a8f1-b1b1ff1d426c""}",2026-03-27T01:53:06.078893810Z
"2026-03-27 01:54:12,861 [INFO]   [SOL] S1 SIGNAL: direction=YES @ 80.00%",info,"{""level"":""info""}","{""project"":""9409ddfa-0500-48ff-b3fa-e3db90fa1091"",""environment"":""e228329a-f513-4199-919b-76d15d46ec8e"",""service"":""8bd636f2-4dab-4d92-918b-b4bccb53fa9c"",""deployment"":""94032a27-ad79-4bca-90c0-521b01485e42"",""replica"":""7c97fd6b-8e71-46a9-a8f1-b1b1ff1d426c""}",2026-03-27T01:54:15.840969713Z
"2026-03-27 01:55:04,157 [INFO]   [ETH] VOL: cycle complete — dump then pump (trough 32.50% → 77.50%)",info,"{""level"":""info""}","{""project"":""9409ddfa-0500-48ff-b3fa-e3db90fa1091"",""environment"":""e228329a-f513-4199-919b-76d15d46ec8e"",""service"":""8bd636f2-4dab-4d92-918b-b4bccb53fa9c"",""deployment"":""94032a27-ad79-4bca-90c0-521b01485e42"",""replica"":""7c97fd6b-8e71-46a9-a8f1-b1b1ff1d426c""}",2026-03-27T01:55:05.844863254Z
"2026-03-27 01:55:04,214 [INFO]   [ETH] VOLATILE — checking S2 cheap buy (YES=77.50%, NO=22.50%)",info,"{""level"":""info""}","{""project"":""9409ddfa-0500-48ff-b3fa-e3db90fa1091"",""environment"":""e228329a-f513-4199-919b-76d15d46ec8e"",""service"":""8bd636f2-4dab-4d92-918b-b4bccb53fa9c"",""deployment"":""94032a27-ad79-4bca-90c0-521b01485e42"",""replica"":""7c97fd6b-8e71-46a9-a8f1-b1b1ff1d426c""}",2026-03-27T01:55:05.844869963Z
"2026-03-27 01:55:04,215 [INFO]   [ETH] S2: no cheap side found — skipping window",info,"{""level"":""info""}","{""project"":""9409ddfa-0500-48ff-b3fa-e3db90fa1091"",""environment"":""e228329a-f513-4199-919b-76d15d46ec8e"",""service"":""8bd636f2-4dab-4d92-918b-b4bccb53fa9c"",""deployment"":""94032a27-ad79-4bca-90c0-521b01485e42"",""replica"":""7c97fd6b-8e71-46a9-a8f1-b1b1ff1d426c""}",2026-03-27T01:55:05.844876681Z
"2026-03-27 02:07:15,939 [INFO]   [SOL] S1 SIGNAL: direction=YES @ 78.50%",info,"{""level"":""info""}","{""project"":""9409ddfa-0500-48ff-b3fa-e3db90fa1091"",""environment"":""e228329a-f513-4199-919b-76d15d46ec8e"",""service"":""8bd636f2-4dab-4d92-918b-b4bccb53fa9c"",""deployment"":""94032a27-ad79-4bca-90c0-521b01485e42"",""replica"":""7c97fd6b-8e71-46a9-a8f1-b1b1ff1d426c""}",2026-03-27T02:07:19.751386428Z
"2026-03-27 02:09:18,716 [INFO]   [XRP] VOL: dump leg done (base 55.50% → 20.50%)",info,"{""level"":""info""}","{""project"":""9409ddfa-0500-48ff-b3fa-e3db90fa1091"",""environment"":""e228329a-f513-4199-919b-76d15d46ec8e"",""service"":""8bd636f2-4dab-4d92-918b-b4bccb53fa9c"",""deployment"":""94032a27-ad79-4bca-90c0-521b01485e42"",""replica"":""7c97fd6b-8e71-46a9-a8f1-b1b1ff1d426c""}",2026-03-27T02:09:19.719634817Z
"2026-03-27 02:09:18,766 [INFO]   [XRP] S1 SIGNAL: direction=NO @ 79.50%",info,"{""level"":""info""}","{""project"":""9409ddfa-0500-48ff-b3fa-e3db90fa1091"",""environment"":""e228329a-f513-4199-919b-76d15d46ec8e"",""service"":""8bd636f2-4dab-4d92-918b-b4bccb53fa9c"",""deployment"":""94032a27-ad79-4bca-90c0-521b01485e42"",""replica"":""7c97fd6b-8e71-46a9-a8f1-b1b1ff1d426c""}",2026-03-27T02:09:19.719640110Z
"2026-03-27 02:09:53,793 [INFO]   [BTC] S1 SIGNAL: direction=YES @ 80.50%",info,"{""level"":""info""}","{""project"":""9409ddfa-0500-48ff-b3fa-e3db90fa1091"",""environment"":""e228329a-f513-4199-919b-76d15d46ec8e"",""service"":""8bd636f2-4dab-4d92-918b-b4bccb53fa9c"",""deployment"":""94032a27-ad79-4bca-90c0-521b01485e42"",""replica"":""7c97fd6b-8e71-46a9-a8f1-b1b1ff1d426c""}",2026-03-27T02:09:59.468532286Z
"2026-03-27 02:09:56,329 [INFO]   [ETH] S1 SIGNAL: direction=YES @ 81.50%",info,"{""level"":""info""}","{""project"":""9409ddfa-0500-48ff-b3fa-e3db90fa1091"",""environment"":""e228329a-f513-4199-919b-76d15d46ec8e"",""service"":""8bd636f2-4dab-4d92-918b-b4bccb53fa9c"",""deployment"":""94032a27-ad79-4bca-90c0-521b01485e42"",""replica"":""7c97fd6b-8e71-46a9-a8f1-b1b1ff1d426c""}",2026-03-27T02:09:59.468540563Z
"2026-03-27 02:09:56,329 [INFO]   PEER DIVERGENCE 3v1: 3 UP ['BTC', 'ETH', 'SOL'] — XRP going DOWN",info,"{""level"":""info""}","{""project"":""9409ddfa-0500-48ff-b3fa-e3db90fa1091"",""environment"":""e228329a-f513-4199-919b-76d15d46ec8e"",""service"":""8bd636f2-4dab-4d92-918b-b4bccb53fa9c"",""deployment"":""94032a27-ad79-4bca-90c0-521b01485e42"",""replica"":""7c97fd6b-8e71-46a9-a8f1-b1b1ff1d426c""}",2026-03-27T02:09:59.468546373Z
"2026-03-27 02:09:56,383 [INFO]   PEER S2: XRP YES @ 41.50% — not in range (2%-10%)",info,"{""level"":""info""}","{""project"":""9409ddfa-0500-48ff-b3fa-e3db90fa1091"",""environment"":""e228329a-f513-4199-919b-76d15d46ec8e"",""service"":""8bd636f2-4dab-4d92-918b-b4bccb53fa9c"",""deployment"":""94032a27-ad79-4bca-90c0-521b01485e42"",""replica"":""7c97fd6b-8e71-46a9-a8f1-b1b1ff1d426c""}",2026-03-27T02:09:59.468551591Z
"2026-03-27 02:11:04,936 [INFO]   [XRP] VOL: cycle complete — dump then pump (trough 17.50% → 60.50%)",info,"{""level"":""info""}","{""project"":""9409ddfa-0500-48ff-b3fa-e3db90fa1091"",""environment"":""e228329a-f513-4199-919b-76d15d46ec8e"",""service"":""8bd636f2-4dab-4d92-918b-b4bccb53fa9c"",""deployment"":""94032a27-ad79-4bca-90c0-521b01485e42"",""replica"":""7c97fd6b-8e71-46a9-a8f1-b1b1ff1d426c""}",2026-03-27T02:11:09.492796781Z
"2026-03-27 02:11:04,987 [INFO]   [XRP] VOLATILE — checking S2 cheap buy (YES=60.50%, NO=39.50%)",info,"{""level"":""info""}","{""project"":""9409ddfa-0500-48ff-b3fa-e3db90fa1091"",""environment"":""e228329a-f513-4199-919b-76d15d46ec8e"",""service"":""8bd636f2-4dab-4d92-918b-b4bccb53fa9c"",""deployment"":""94032a27-ad79-4bca-90c0-521b01485e42"",""replica"":""7c97fd6b-8e71-46a9-a8f1-b1b1ff1d426c""}",2026-03-27T02:11:09.492805366Z
"2026-03-27 02:11:04,988 [INFO]   [XRP] S2: no cheap side found — skipping window",info,"{""level"":""info""}","{""project"":""9409ddfa-0500-48ff-b3fa-e3db90fa1091"",""environment"":""e228329a-f513-4199-919b-76d15d46ec8e"",""service"":""8bd636f2-4dab-4d92-918b-b4bccb53fa9c"",""deployment"":""94032a27-ad79-4bca-90c0-521b01485e42"",""replica"":""7c97fd6b-8e71-46a9-a8f1-b1b1ff1d426c""}",2026-03-27T02:11:09.492811761Z
"2026-03-27 02:13:35,186 [INFO]   [ETH] VOL: dump leg done (base 59.50% → 22.50%)",info,"{""level"":""info""}","{""project"":""9409ddfa-0500-48ff-b3fa-e3db90fa1091"",""environment"":""e228329a-f513-4199-919b-76d15d46ec8e"",""service"":""8bd636f2-4dab-4d92-918b-b4bccb53fa9c"",""deployment"":""94032a27-ad79-4bca-90c0-521b01485e42"",""replica"":""7c97fd6b-8e71-46a9-a8f1-b1b1ff1d426c""}",2026-03-27T02:13:39.885604239Z
"2026-03-27 02:14:23,162 [INFO]   [SOL] VOL: dump leg done (base 69.50% → 31.00%)",info,"{""level"":""info""}","{""project"":""9409ddfa-0500-48ff-b3fa-e3db90fa1091"",""environment"":""e228329a-f513-4199-919b-76d15d46ec8e"",""service"":""8bd636f2-4dab-4d92-918b-b4bccb53fa9c"",""deployment"":""94032a27-ad79-4bca-90c0-521b01485e42"",""replica"":""7c97fd6b-8e71-46a9-a8f1-b1b1ff1d426c""}",2026-03-27T02:14:29.663908995Z
"2026-03-27 02:14:32,231 [INFO]   [SOL] VOL: cycle complete — dump then pump (trough 24.00% → 62.50%)",info,"{""level"":""info""}","{""project"":""9409ddfa-0500-48ff-b3fa-e3db90fa1091"",""environment"":""e228329a-f513-4199-919b-76d15d46ec8e"",""service"":""8bd636f2-4dab-4d92-918b-b4bccb53fa9c"",""deployment"":""94032a27-ad79-4bca-90c0-521b01485e42"",""replica"":""7c97fd6b-8e71-46a9-a8f1-b1b1ff1d426c""}",2026-03-27T02:14:32.248724655Z
"2026-03-27 02:14:32,283 [INFO]   [SOL] VOLATILE but S2 window closed — skipping entire window",info,"{""level"":""info""}","{""project"":""9409ddfa-0500-48ff-b3fa-e3db90fa1091"",""environment"":""e228329a-f513-4199-919b-76d15d46ec8e"",""service"":""8bd636f2-4dab-4d92-918b-b4bccb53fa9c"",""deployment"":""94032a27-ad79-4bca-90c0-521b01485e42"",""replica"":""7c97fd6b-8e71-46a9-a8f1-b1b1ff1d426c""}",2026-03-27T02:14:32.285033673Z
"2026-03-27 02:20:15,510 [INFO]   [BTC] S1 SIGNAL: direction=NO @ 79.50%",info,"{""level"":""info""}","{""project"":""9409ddfa-0500-48ff-b3fa-e3db90fa1091"",""environment"":""e228329a-f513-4199-919b-76d15d46ec8e"",""service"":""8bd636f2-4dab-4d92-918b-b4bccb53fa9c"",""deployment"":""94032a27-ad79-4bca-90c0-521b01485e42"",""replica"":""7c97fd6b-8e71-46a9-a8f1-b1b1ff1d426c""}",2026-03-27T02:20:23.730858926Z
"2026-03-27 02:20:22,715 [INFO]   [XRP] S1 SIGNAL: direction=NO @ 79.50%",info,"{""level"":""info""}","{""project"":""9409ddfa-0500-48ff-b3fa-e3db90fa1091"",""environment"":""e228329a-f513-4199-919b-76d15d46ec8e"",""service"":""8bd636f2-4dab-4d92-918b-b4bccb53fa9c"",""deployment"":""94032a27-ad79-4bca-90c0-521b01485e42"",""replica"":""7c97fd6b-8e71-46a9-a8f1-b1b1ff1d426c""}",2026-03-27T02:20:23.730864294Z
"2026-03-27 02:20:29,607 [INFO]   [ETH] S1 SIGNAL: direction=NO @ 79.50%",info,"{""level"":""info""}","{""project"":""9409ddfa-0500-48ff-b3fa-e3db90fa1091"",""environment"":""e228329a-f513-4199-919b-76d15d46ec8e"",""service"":""8bd636f2-4dab-4d92-918b-b4bccb53fa9c"",""deployment"":""94032a27-ad79-4bca-90c0-521b01485e42"",""replica"":""7c97fd6b-8e71-46a9-a8f1-b1b1ff1d426c""}",2026-03-27T02:20:29.761484089Z
"2026-03-27 02:28:30,211 [INFO]   [XRP] VOL: pump leg done (base 25.50% → 75.50%)",info,"{""level"":""info""}","{""project"":""9409ddfa-0500-48ff-b3fa-e3db90fa1091"",""environment"":""e228329a-f513-4199-919b-76d15d46ec8e"",""service"":""8bd636f2-4dab-4d92-918b-b4bccb53fa9c"",""deployment"":""94032a27-ad79-4bca-90c0-521b01485e42"",""replica"":""7c97fd6b-8e71-46a9-a8f1-b1b1ff1d426c""}",2026-03-27T02:28:31.420150553Z
"2026-03-27 02:35:22,720 [INFO]   [XRP] S1 SIGNAL: direction=YES @ 81.50%",info,"{""level"":""info""}","{""project"":""9409ddfa-0500-48ff-b3fa-e3db90fa1091"",""environment"":""e228329a-f513-4199-919b-76d15d46ec8e"",""service"":""8bd636f2-4dab-4d92-918b-b4bccb53fa9c"",""deployment"":""94032a27-ad79-4bca-90c0-521b01485e42"",""replica"":""7c97fd6b-8e71-46a9-a8f1-b1b1ff1d426c""}",2026-03-27T02:35:23.141081814Z
"2026-03-27 02:37:47,708 [INFO]   [BTC] S1 SIGNAL: direction=NO @ 81.50%",info,"{""level"":""info""}","{""project"":""9409ddfa-0500-48ff-b3fa-e3db90fa1091"",""environment"":""e228329a-f513-4199-919b-76d15d46ec8e"",""service"":""8bd636f2-4dab-4d92-918b-b4bccb53fa9c"",""deployment"":""94032a27-ad79-4bca-90c0-521b01485e42"",""replica"":""7c97fd6b-8e71-46a9-a8f1-b1b1ff1d426c""}",2026-03-27T02:37:53.188556270Z
"2026-03-27 02:38:33,849 [INFO]   [ETH] S1 SIGNAL: direction=NO @ 78.50%",info,"{""level"":""info""}","{""project"":""9409ddfa-0500-48ff-b3fa-e3db90fa1091"",""environment"":""e228329a-f513-4199-919b-76d15d46ec8e"",""service"":""8bd636f2-4dab-4d92-918b-b4bccb53fa9c"",""deployment"":""94032a27-ad79-4bca-90c0-521b01485e42"",""replica"":""7c97fd6b-8e71-46a9-a8f1-b1b1ff1d426c""}",2026-03-27T02:38:42.930630382Z
"2026-03-27 02:38:40,727 [INFO]   [ETH] VOL: dump leg done (base 55.50% → 20.50%)",info,"{""level"":""info""}","{""project"":""9409ddfa-0500-48ff-b3fa-e3db90fa1091"",""environment"":""e228329a-f513-4199-919b-76d15d46ec8e"",""service"":""8bd636f2-4dab-4d92-918b-b4bccb53fa9c"",""deployment"":""94032a27-ad79-4bca-90c0-521b01485e42"",""replica"":""7c97fd6b-8e71-46a9-a8f1-b1b1ff1d426c""}",2026-03-27T02:38:42.930639560Z
"2026-03-27 02:38:59,139 [INFO]   [BTC] VOL: dump leg done (base 45.50% → 9.50%)",info,"{""level"":""info""}","{""project"":""9409ddfa-0500-48ff-b3fa-e3db90fa1091"",""environment"":""e228329a-f513-4199-919b-76d15d46ec8e"",""service"":""8bd636f2-4dab-4d92-918b-b4bccb53fa9c"",""deployment"":""94032a27-ad79-4bca-90c0-521b01485e42"",""replica"":""7c97fd6b-8e71-46a9-a8f1-b1b1ff1d426c""}",2026-03-27T02:39:02.931601047Z
"2026-03-27 02:38:59,258 [INFO]   [SOL] VOL: dump leg done (base 62.50% → 22.50%)",info,"{""level"":""info""}","{""project"":""9409ddfa-0500-48ff-b3fa-e3db90fa1091"",""environment"":""e228329a-f513-4199-919b-76d15d46ec8e"",""service"":""8bd636f2-4dab-4d92-918b-b4bccb53fa9c"",""deployment"":""94032a27-ad79-4bca-90c0-521b01485e42"",""replica"":""7c97fd6b-8e71-46a9-a8f1-b1b1ff1d426c""}",2026-03-27T02:39:02.931608590Z
"2026-03-27 02:39:01,590 [INFO]   [SOL] S1 SIGNAL: direction=NO @ 78.00%",info,"{""level"":""info""}","{""project"":""9409ddfa-0500-48ff-b3fa-e3db90fa1091"",""environment"":""e228329a-f513-4199-919b-76d15d46ec8e"",""service"":""8bd636f2-4dab-4d92-918b-b4bccb53fa9c"",""deployment"":""94032a27-ad79-4bca-90c0-521b01485e42"",""replica"":""7c97fd6b-8e71-46a9-a8f1-b1b1ff1d426c""}",2026-03-27T02:39:02.931614477Z
"2026-03-27 02:39:01,590 [INFO]   PEER DIVERGENCE 3v1: 3 DOWN ['BTC', 'ETH', 'SOL'] — XRP going UP",info,"{""level"":""info""}","{""project"":""9409ddfa-0500-48ff-b3fa-e3db90fa1091"",""environment"":""e228329a-f513-4199-919b-76d15d46ec8e"",""service"":""8bd636f2-4dab-4d92-918b-b4bccb53fa9c"",""deployment"":""94032a27-ad79-4bca-90c0-521b01485e42"",""replica"":""7c97fd6b-8e71-46a9-a8f1-b1b1ff1d426c""}",2026-03-27T02:39:02.931620050Z
"2026-03-27 02:39:01,615 [INFO]   PEER S2: XRP NO @ 34.50% — not in range (2%-10%)",info,"{""level"":""info""}","{""project"":""9409ddfa-0500-48ff-b3fa-e3db90fa1091"",""environment"":""e228329a-f513-4199-919b-76d15d46ec8e"",""service"":""8bd636f2-4dab-4d92-918b-b4bccb53fa9c"",""deployment"":""94032a27-ad79-4bca-90c0-521b01485e42"",""replica"":""7c97fd6b-8e71-46a9-a8f1-b1b1ff1d426c""}",2026-03-27T02:39:02.931625691Z
"2026-03-27 02:50:18,914 [INFO]   [XRP] S1 SIGNAL: direction=YES @ 78.00%",info,"{""level"":""info""}","{""project"":""9409ddfa-0500-48ff-b3fa-e3db90fa1091"",""environment"":""e228329a-f513-4199-919b-76d15d46ec8e"",""service"":""8bd636f2-4dab-4d92-918b-b4bccb53fa9c"",""deployment"":""94032a27-ad79-4bca-90c0-521b01485e42"",""replica"":""7c97fd6b-8e71-46a9-a8f1-b1b1ff1d426c""}",2026-03-27T02:50:28.522433594Z
"2026-03-27 02:50:53,367 [INFO]   [SOL] S1 SIGNAL: direction=YES @ 79.50%",info,"{""level"":""info""}","{""project"":""9409ddfa-0500-48ff-b3fa-e3db90fa1091"",""environment"":""e228329a-f513-4199-919b-76d15d46ec8e"",""service"":""8bd636f2-4dab-4d92-918b-b4bccb53fa9c"",""deployment"":""94032a27-ad79-4bca-90c0-521b01485e42"",""replica"":""7c97fd6b-8e71-46a9-a8f1-b1b1ff1d426c""}",2026-03-27T02:50:58.256320942Z
"2026-03-27 02:51:09,331 [INFO]   [BTC] S1 SIGNAL: direction=YES @ 78.50%",info,"{""level"":""info""}","{""project"":""9409ddfa-0500-48ff-b3fa-e3db90fa1091"",""environment"":""e228329a-f513-4199-919b-76d15d46ec8e"",""service"":""8bd636f2-4dab-4d92-918b-b4bccb53fa9c"",""deployment"":""94032a27-ad79-4bca-90c0-521b01485e42"",""replica"":""7c97fd6b-8e71-46a9-a8f1-b1b1ff1d426c""}",2026-03-27T02:51:18.272592751Z
"2026-03-27 02:53:20,515 [INFO]   [ETH] S1 SIGNAL: direction=YES @ 78.50%",info,"{""level"":""info""}","{""project"":""9409ddfa-0500-48ff-b3fa-e3db90fa1091"",""environment"":""e228329a-f513-4199-919b-76d15d46ec8e"",""service"":""8bd636f2-4dab-4d92-918b-b4bccb53fa9c"",""deployment"":""94032a27-ad79-4bca-90c0-521b01485e42"",""replica"":""7c97fd6b-8e71-46a9-a8f1-b1b1ff1d426c""}",2026-03-27T02:53:29.175310132Z
"2026-03-27 02:56:06,126 [INFO]   [ETH] VOL: pump leg done (base 48.50% → 84.50%)",info,"{""level"":""info""}","{""project"":""9409ddfa-0500-48ff-b3fa-e3db90fa1091"",""environment"":""e228329a-f513-4199-919b-76d15d46ec8e"",""service"":""8bd636f2-4dab-4d92-918b-b4bccb53fa9c"",""deployment"":""94032a27-ad79-4bca-90c0-521b01485e42"",""replica"":""7c97fd6b-8e71-46a9-a8f1-b1b1ff1d426c""}",2026-03-27T02:56:09.342934349Z
"2026-03-27 02:57:49,536 [INFO]   [ETH] VOL: cycle complete — pump then dump (peak 86.50% → 34.50%)",info,"{""level"":""info""}","{""project"":""9409ddfa-0500-48ff-b3fa-e3db90fa1091"",""environment"":""e228329a-f513-4199-919b-76d15d46ec8e"",""service"":""8bd636f2-4dab-4d92-918b-b4bccb53fa9c"",""deployment"":""94032a27-ad79-4bca-90c0-521b01485e42"",""replica"":""7c97fd6b-8e71-46a9-a8f1-b1b1ff1d426c""}",2026-03-27T02:57:59.171050651Z
"2026-03-27 02:57:49,668 [INFO]   [ETH] VOLATILE but S2 window closed — skipping entire window",info,"{""level"":""info""}","{""project"":""9409ddfa-0500-48ff-b3fa-e3db90fa1091"",""environment"":""e228329a-f513-4199-919b-76d15d46ec8e"",""service"":""8bd636f2-4dab-4d92-918b-b4bccb53fa9c"",""deployment"":""94032a27-ad79-4bca-90c0-521b01485e42"",""replica"":""7c97fd6b-8e71-46a9-a8f1-b1b1ff1d426c""}",2026-03-27T02:57:59.171061610Z
"2026-03-27 02:58:48,127 [INFO]   [BTC] VOL: dump leg done (base 55.50% → 20.50%)",info,"{""level"":""info""}","{""project"":""9409ddfa-0500-48ff-b3fa-e3db90fa1091"",""environment"":""e228329a-f513-4199-919b-76d15d46ec8e"",""service"":""8bd636f2-4dab-4d92-918b-b4bccb53fa9c"",""deployment"":""94032a27-ad79-4bca-90c0-521b01485e42"",""replica"":""7c97fd6b-8e71-46a9-a8f1-b1b1ff1d426c""}",2026-03-27T02:58:48.965372778Z
"2026-03-27 02:59:30,679 [INFO]   [BTC] VOL: cycle complete — dump then pump (trough 4.50% → 46.50%)",info,"{""level"":""info""}","{""project"":""9409ddfa-0500-48ff-b3fa-e3db90fa1091"",""environment"":""e228329a-f513-4199-919b-76d15d46ec8e"",""service"":""8bd636f2-4dab-4d92-918b-b4bccb53fa9c"",""deployment"":""94032a27-ad79-4bca-90c0-521b01485e42"",""replica"":""7c97fd6b-8e71-46a9-a8f1-b1b1ff1d426c""}",2026-03-27T02:59:39.207865972Z
"2026-03-27 02:59:30,722 [INFO]   [BTC] VOLATILE but S2 window closed — skipping entire window",info,"{""level"":""info""}","{""project"":""9409ddfa-0500-48ff-b3fa-e3db90fa1091"",""environment"":""e228329a-f513-4199-919b-76d15d46ec8e"",""service"":""8bd636f2-4dab-4d92-918b-b4bccb53fa9c"",""deployment"":""94032a27-ad79-4bca-90c0-521b01485e42"",""replica"":""7c97fd6b-8e71-46a9-a8f1-b1b1ff1d426c""}",2026-03-27T02:59:39.207870324Z
"2026-03-27 03:05:02,004 [INFO]   [XRP] S1 SIGNAL: direction=NO @ 83.50%",info,"{""level"":""info""}","{""project"":""9409ddfa-0500-48ff-b3fa-e3db90fa1091"",""environment"":""e228329a-f513-4199-919b-76d15d46ec8e"",""service"":""8bd636f2-4dab-4d92-918b-b4bccb53fa9c"",""deployment"":""94032a27-ad79-4bca-90c0-521b01485e42"",""replica"":""7c97fd6b-8e71-46a9-a8f1-b1b1ff1d426c""}",2026-03-27T03:05:11.024607890Z
"2026-03-27 03:05:13,370 [INFO]   [BTC] S1 SIGNAL: direction=NO @ 78.50%",info,"{""level"":""info""}","{""project"":""9409ddfa-0500-48ff-b3fa-e3db90fa1091"",""environment"":""e228329a-f513-4199-919b-76d15d46ec8e"",""service"":""8bd636f2-4dab-4d92-918b-b4bccb53fa9c"",""deployment"":""94032a27-ad79-4bca-90c0-521b01485e42"",""replica"":""7c97fd6b-8e71-46a9-a8f1-b1b1ff1d426c""}",2026-03-27T03:05:13.377443381Z
"2026-03-27 03:05:22,690 [INFO]   [ETH] S1 SIGNAL: direction=NO @ 82.50%",info,"{""level"":""info""}","{""project"":""9409ddfa-0500-48ff-b3fa-e3db90fa1091"",""environment"":""e228329a-f513-4199-919b-76d15d46ec8e"",""service"":""8bd636f2-4dab-4d92-918b-b4bccb53fa9c"",""deployment"":""94032a27-ad79-4bca-90c0-521b01485e42"",""replica"":""7c97fd6b-8e71-46a9-a8f1-b1b1ff1d426c""}",2026-03-27T03:05:22.700254734Z
"2026-03-27 03:06:49,997 [INFO]   [ETH] VOL: dump leg done (base 47.50% → 12.50%)",info,"{""level"":""info""}","{""project"":""9409ddfa-0500-48ff-b3fa-e3db90fa1091"",""environment"":""e228329a-f513-4199-919b-76d15d46ec8e"",""service"":""8bd636f2-4dab-4d92-918b-b4bccb53fa9c"",""deployment"":""94032a27-ad79-4bca-90c0-521b01485e42"",""replica"":""7c97fd6b-8e71-46a9-a8f1-b1b1ff1d426c""}",2026-03-27T03:06:52.824623752Z
"2026-03-27 03:07:29,254 [INFO]   [SOL] VOL: dump leg done (base 50.50% → 13.00%)",info,"{""level"":""info""}","{""project"":""9409ddfa-0500-48ff-b3fa-e3db90fa1091"",""environment"":""e228329a-f513-4199-919b-76d15d46ec8e"",""service"":""8bd636f2-4dab-4d92-918b-b4bccb53fa9c"",""deployment"":""94032a27-ad79-4bca-90c0-521b01485e42"",""replica"":""7c97fd6b-8e71-46a9-a8f1-b1b1ff1d426c""}",2026-03-27T03:07:32.574313315Z
"2026-03-27 03:20:01,705 [INFO]   [BTC] S1 SIGNAL: direction=YES @ 79.50%",info,"{""level"":""info""}","{""project"":""9409ddfa-0500-48ff-b3fa-e3db90fa1091"",""environment"":""e228329a-f513-4199-919b-76d15d46ec8e"",""service"":""8bd636f2-4dab-4d92-918b-b4bccb53fa9c"",""deployment"":""94032a27-ad79-4bca-90c0-521b01485e42"",""replica"":""7c97fd6b-8e71-46a9-a8f1-b1b1ff1d426c""}",2026-03-27T03:20:07.958068870Z
"2026-03-27 03:20:04,118 [INFO]   [ETH] S1 SIGNAL: direction=YES @ 78.50%",info,"{""level"":""info""}","{""project"":""9409ddfa-0500-48ff-b3fa-e3db90fa1091"",""environment"":""e228329a-f513-4199-919b-76d15d46ec8e"",""service"":""8bd636f2-4dab-4d92-918b-b4bccb53fa9c"",""deployment"":""94032a27-ad79-4bca-90c0-521b01485e42"",""replica"":""7c97fd6b-8e71-46a9-a8f1-b1b1ff1d426c""}",2026-03-27T03:20:07.958075551Z
"2026-03-27 03:21:06,816 [INFO]   [SOL] S1 SIGNAL: direction=YES @ 79.00%",info,"{""level"":""info""}","{""project"":""9409ddfa-0500-48ff-b3fa-e3db90fa1091"",""environment"":""e228329a-f513-4199-919b-76d15d46ec8e"",""service"":""8bd636f2-4dab-4d92-918b-b4bccb53fa9c"",""deployment"":""94032a27-ad79-4bca-90c0-521b01485e42"",""replica"":""7c97fd6b-8e71-46a9-a8f1-b1b1ff1d426c""}",2026-03-27T03:21:07.519318107Z
"2026-03-27 03:23:48,795 [INFO]   [BTC] VOL: dump leg done (base 79.50% → 42.50%)",info,"{""level"":""info""}","{""project"":""9409ddfa-0500-48ff-b3fa-e3db90fa1091"",""environment"":""e228329a-f513-4199-919b-76d15d46ec8e"",""service"":""8bd636f2-4dab-4d92-918b-b4bccb53fa9c"",""deployment"":""94032a27-ad79-4bca-90c0-521b01485e42"",""replica"":""7c97fd6b-8e71-46a9-a8f1-b1b1ff1d426c""}",2026-03-27T03:23:57.907422059Z
"2026-03-27 03:23:48,861 [INFO]   [ETH] VOL: dump leg done (base 77.50% → 36.50%)",info,"{""level"":""info""}","{""project"":""9409ddfa-0500-48ff-b3fa-e3db90fa1091"",""environment"":""e228329a-f513-4199-919b-76d15d46ec8e"",""service"":""8bd636f2-4dab-4d92-918b-b4bccb53fa9c"",""deployment"":""94032a27-ad79-4bca-90c0-521b01485e42"",""replica"":""7c97fd6b-8e71-46a9-a8f1-b1b1ff1d426c""}",2026-03-27T03:23:57.907430634Z
"2026-03-27 03:23:51,239 [INFO]   [SOL] VOL: dump leg done (base 70.50% → 30.50%)",info,"{""level"":""info""}","{""project"":""9409ddfa-0500-48ff-b3fa-e3db90fa1091"",""environment"":""e228329a-f513-4199-919b-76d15d46ec8e"",""service"":""8bd636f2-4dab-4d92-918b-b4bccb53fa9c"",""deployment"":""94032a27-ad79-4bca-90c0-521b01485e42"",""replica"":""7c97fd6b-8e71-46a9-a8f1-b1b1ff1d426c""}",2026-03-27T03:23:57.907437977Z
"2026-03-27 03:23:51,302 [INFO]   [XRP] VOL: dump leg done (base 70.50% → 28.50%)",info,"{""level"":""info""}","{""project"":""9409ddfa-0500-48ff-b3fa-e3db90fa1091"",""environment"":""e228329a-f513-4199-919b-76d15d46ec8e"",""service"":""8bd636f2-4dab-4d92-918b-b4bccb53fa9c"",""deployment"":""94032a27-ad79-4bca-90c0-521b01485e42"",""replica"":""7c97fd6b-8e71-46a9-a8f1-b1b1ff1d426c""}",2026-03-27T03:23:57.907443376Z
"2026-03-27 03:24:19,016 [INFO]   [BTC] VOL: cycle complete — dump then pump (trough 30.50% → 68.50%)",info,"{""level"":""info""}","{""project"":""9409ddfa-0500-48ff-b3fa-e3db90fa1091"",""environment"":""e228329a-f513-4199-919b-76d15d46ec8e"",""service"":""8bd636f2-4dab-4d92-918b-b4bccb53fa9c"",""deployment"":""94032a27-ad79-4bca-90c0-521b01485e42"",""replica"":""7c97fd6b-8e71-46a9-a8f1-b1b1ff1d426c""}",2026-03-27T03:24:27.902226695Z
"2026-03-27 03:24:19,060 [INFO]   [BTC] VOLATILE — checking S2 cheap buy (YES=68.50%, NO=31.50%)",info,"{""level"":""info""}","{""project"":""9409ddfa-0500-48ff-b3fa-e3db90fa1091"",""environment"":""e228329a-f513-4199-919b-76d15d46ec8e"",""service"":""8bd636f2-4dab-4d92-918b-b4bccb53fa9c"",""deployment"":""94032a27-ad79-4bca-90c0-521b01485e42"",""replica"":""7c97fd6b-8e71-46a9-a8f1-b1b1ff1d426c""}",2026-03-27T03:24:27.902234581Z
"2026-03-27 03:24:19,060 [INFO]   [BTC] S2: no cheap side found — skipping window",info,"{""level"":""info""}","{""project"":""9409ddfa-0500-48ff-b3fa-e3db90fa1091"",""environment"":""e228329a-f513-4199-919b-76d15d46ec8e"",""service"":""8bd636f2-4dab-4d92-918b-b4bccb53fa9c"",""deployment"":""94032a27-ad79-4bca-90c0-521b01485e42"",""replica"":""7c97fd6b-8e71-46a9-a8f1-b1b1ff1d426c""}",2026-03-27T03:24:27.902241478Z
"2026-03-27 03:25:10,573 [INFO]   [ETH] VOL: cycle complete — dump then pump (trough 21.50% → 59.50%)",info,"{""level"":""info""}","{""project"":""9409ddfa-0500-48ff-b3fa-e3db90fa1091"",""environment"":""e228329a-f513-4199-919b-76d15d46ec8e"",""service"":""8bd636f2-4dab-4d92-918b-b4bccb53fa9c"",""deployment"":""94032a27-ad79-4bca-90c0-521b01485e42"",""replica"":""7c97fd6b-8e71-46a9-a8f1-b1b1ff1d426c""}",2026-03-27T03:25:18.120924031Z
"2026-03-27 03:25:10,614 [INFO]   [ETH] VOLATILE — checking S2 cheap buy (YES=59.50%, NO=40.50%)",info,"{""level"":""info""}","{""project"":""9409ddfa-0500-48ff-b3fa-e3db90fa1091"",""environment"":""e228329a-f513-4199-919b-76d15d46ec8e"",""service"":""8bd636f2-4dab-4d92-918b-b4bccb53fa9c"",""deployment"":""94032a27-ad79-4bca-90c0-521b01485e42"",""replica"":""7c97fd6b-8e71-46a9-a8f1-b1b1ff1d426c""}",2026-03-27T03:25:18.120928561Z
"2026-03-27 03:25:10,614 [INFO]   [ETH] S2: no cheap side found — skipping window",info,"{""level"":""info""}","{""project"":""9409ddfa-0500-48ff-b3fa-e3db90fa1091"",""environment"":""e228329a-f513-4199-919b-76d15d46ec8e"",""service"":""8bd636f2-4dab-4d92-918b-b4bccb53fa9c"",""deployment"":""94032a27-ad79-4bca-90c0-521b01485e42"",""replica"":""7c97fd6b-8e71-46a9-a8f1-b1b1ff1d426c""}",2026-03-27T03:25:18.120932842Z
"2026-03-27 03:25:10,636 [INFO]   [SOL] VOL: cycle complete — dump then pump (trough 29.50% → 65.50%)",info,"{""level"":""info""}","{""project"":""9409ddfa-0500-48ff-b3fa-e3db90fa1091"",""environment"":""e228329a-f513-4199-919b-76d15d46ec8e"",""service"":""8bd636f2-4dab-4d92-918b-b4bccb53fa9c"",""deployment"":""94032a27-ad79-4bca-90c0-521b01485e42"",""replica"":""7c97fd6b-8e71-46a9-a8f1-b1b1ff1d426c""}",2026-03-27T03:25:18.120936931Z
"2026-03-27 03:25:10,679 [INFO]   [SOL] VOLATILE — checking S2 cheap buy (YES=65.50%, NO=34.50%)",info,"{""level"":""info""}","{""project"":""9409ddfa-0500-48ff-b3fa-e3db90fa1091"",""environment"":""e228329a-f513-4199-919b-76d15d46ec8e"",""service"":""8bd636f2-4dab-4d92-918b-b4bccb53fa9c"",""deployment"":""94032a27-ad79-4bca-90c0-521b01485e42"",""replica"":""7c97fd6b-8e71-46a9-a8f1-b1b1ff1d426c""}",2026-03-27T03:25:18.120941159Z
"2026-03-27 03:25:10,679 [INFO]   [SOL] S2: no cheap side found — skipping window",info,"{""level"":""info""}","{""project"":""9409ddfa-0500-48ff-b3fa-e3db90fa1091"",""environment"":""e228329a-f513-4199-919b-76d15d46ec8e"",""service"":""8bd636f2-4dab-4d92-918b-b4bccb53fa9c"",""deployment"":""94032a27-ad79-4bca-90c0-521b01485e42"",""replica"":""7c97fd6b-8e71-46a9-a8f1-b1b1ff1d426c""}",2026-03-27T03:25:18.120945304Z
"2026-03-27 03:25:42,408 [INFO]   [XRP] VOL: cycle complete — dump then pump (trough 23.50% → 63.50%)",info,"{""level"":""info""}","{""project"":""9409ddfa-0500-48ff-b3fa-e3db90fa1091"",""environment"":""e228329a-f513-4199-919b-76d15d46ec8e"",""service"":""8bd636f2-4dab-4d92-918b-b4bccb53fa9c"",""deployment"":""94032a27-ad79-4bca-90c0-521b01485e42"",""replica"":""7c97fd6b-8e71-46a9-a8f1-b1b1ff1d426c""}",2026-03-27T03:25:47.736849888Z
"2026-03-27 03:25:42,448 [INFO]   [XRP] VOLATILE — checking S2 cheap buy (YES=63.50%, NO=36.50%)",info,"{""level"":""info""}","{""project"":""9409ddfa-0500-48ff-b3fa-e3db90fa1091"",""environment"":""e228329a-f513-4199-919b-76d15d46ec8e"",""service"":""8bd636f2-4dab-4d92-918b-b4bccb53fa9c"",""deployment"":""94032a27-ad79-4bca-90c0-521b01485e42"",""replica"":""7c97fd6b-8e71-46a9-a8f1-b1b1ff1d426c""}",2026-03-27T03:25:47.736856356Z
"2026-03-27 03:25:42,448 [INFO]   [XRP] S2: no cheap side found — skipping window",info,"{""level"":""info""}","{""project"":""9409ddfa-0500-48ff-b3fa-e3db90fa1091"",""environment"":""e228329a-f513-4199-919b-76d15d46ec8e"",""service"":""8bd636f2-4dab-4d92-918b-b4bccb53fa9c"",""deployment"":""94032a27-ad79-4bca-90c0-521b01485e42"",""replica"":""7c97fd6b-8e71-46a9-a8f1-b1b1ff1d426c""}",2026-03-27T03:25:47.736860650Z
"2026-03-27 03:35:10,612 [INFO]   [SOL] S1 SIGNAL: direction=YES @ 78.50%",info,"{""level"":""info""}","{""project"":""9409ddfa-0500-48ff-b3fa-e3db90fa1091"",""environment"":""e228329a-f513-4199-919b-76d15d46ec8e"",""service"":""8bd636f2-4dab-4d92-918b-b4bccb53fa9c"",""deployment"":""94032a27-ad79-4bca-90c0-521b01485e42"",""replica"":""7c97fd6b-8e71-46a9-a8f1-b1b1ff1d426c""}",2026-03-27T03:35:13.050291541Z
"2026-03-27 03:36:44,929 [INFO]   [BTC] S1 SIGNAL: direction=YES @ 81.50%",info,"{""level"":""info""}","{""project"":""9409ddfa-0500-48ff-b3fa-e3db90fa1091"",""environment"":""e228329a-f513-4199-919b-76d15d46ec8e"",""service"":""8bd636f2-4dab-4d92-918b-b4bccb53fa9c"",""deployment"":""94032a27-ad79-4bca-90c0-521b01485e42"",""replica"":""7c97fd6b-8e71-46a9-a8f1-b1b1ff1d426c""}",2026-03-27T03:36:53.437374979Z
"2026-03-27 03:36:49,606 [INFO]   [ETH] S1 SIGNAL: direction=YES @ 78.00%",info,"{""level"":""info""}","{""project"":""9409ddfa-0500-48ff-b3fa-e3db90fa1091"",""environment"":""e228329a-f513-4199-919b-76d15d46ec8e"",""service"":""8bd636f2-4dab-4d92-918b-b4bccb53fa9c"",""deployment"":""94032a27-ad79-4bca-90c0-521b01485e42"",""replica"":""7c97fd6b-8e71-46a9-a8f1-b1b1ff1d426c""}",2026-03-27T03:36:53.437385313Z
"2026-03-27 03:39:54,536 [INFO]   [BTC] VOL: pump leg done (base 53.50% → 88.50%)",info,"{""level"":""info""}","{""project"":""9409ddfa-0500-48ff-b3fa-e3db90fa1091"",""environment"":""e228329a-f513-4199-919b-76d15d46ec8e"",""service"":""8bd636f2-4dab-4d92-918b-b4bccb53fa9c"",""deployment"":""94032a27-ad79-4bca-90c0-521b01485e42"",""replica"":""7c97fd6b-8e71-46a9-a8f1-b1b1ff1d426c""}",2026-03-27T03:39:55.041824100Z
"2026-03-27 03:42:10,837 [INFO]   [SOL] VOL: pump leg done (base 60.50% → 95.50%)",info,"{""level"":""info""}","{""project"":""9409ddfa-0500-48ff-b3fa-e3db90fa1091"",""environment"":""e228329a-f513-4199-919b-76d15d46ec8e"",""service"":""8bd636f2-4dab-4d92-918b-b4bccb53fa9c"",""deployment"":""94032a27-ad79-4bca-90c0-521b01485e42"",""replica"":""7c97fd6b-8e71-46a9-a8f1-b1b1ff1d426c""}",2026-03-27T03:42:15.570697265Z